"Title","WorkoutType","WorkoutDescription","PlannedDuration","PlannedDistanceInMeters","WorkoutDay","CoachComments","DistanceInMeters","PowerAverage","PowerMax","Energy","AthleteComments","TimeTotalInHours","VelocityAverage","VelocityMax","CadenceAverage","CadenceMax","HeartRateAverage","HeartRateMax","TorqueAverage","TorqueMax","IF","TSS","HRZone1Minutes","HRZone2Minutes","HRZone3Minutes","HRZone4Minutes","HRZone5Minutes","HRZone6Minutes","HRZone7Minutes","HRZone8Minutes","HRZone9Minutes","HRZone10Minutes","PWRZone1Minutes","PWRZone2Minutes","PWRZone3Minutes","PWRZone4Minutes","PWRZone5Minutes","PWRZone6Minutes","PWRZone7Minutes","PWRZone8Minutes","PWRZone9Minutes","PWRZone10Minutes","Rpe","Feeling"
"Rest or Cross Train","Day Off","This is a good day for resting or doing some active recovery. You could do some recovery effort cycling, hiking, walking, yoga, swimming etc. Keep it light and easy :)","","","2025-06-01","","","","","","","","","","","","","","","","","","","","","","","","","","","","","","","","","","","","","","",""
"Easy Effort Ride","Bike","","2","","2025-06-01","","34362.05859375","197","297","702.799","","0.990277767181396","9.63799953460693","","91","","129","155","","","0.859436098538012","72.62","46","17","0","0","0","","","","","","19","8","18","15","2","0","","","","","3",""
"Zwift - Anaerobic on Volcano Flat in Watopia","Bike","","","","2025-06-01","","32063.6796875","181","471","794.831","","1.01055550575256","8.8129997253418","","88","","128","160","","","0.88262163518428","78.22","58","14","3","0","0","","","","","","45","6","5","8","0","9","","","","","",""
"Easy Effort Ride","Bike","","1","","2025-06-02","","35161.46875","186","704","681.757","","1.01388883590698","9.63300037384033","","91","","124","141","","","0.779142920593167","61.2","61","0","0","0","0","","","","","","11","26","24","0","0","0","","","","","",""
"Easy Effort Ride","Bike","","1","","2025-06-03","","38570.421875","188","292","796.81","","1.17277777194977","9.13500022888184","","90","","130","163","","","0.875485929309965","89.35","49","11","13","0","0","","","","","","16","34","0","0","21","0","","","","","",""
"Trail Running","Run","","","","2025-06-04","","10618.650390625","391","631","1422.677","","1.00954282283783","2.92199993133545","","162","","145","164","","","0.69472146372979","53.98","24","24","16","0","0","","","","","","1","1","2","3","8","48","","","","","3",""
"Threshold Climb 3 x 10 min","Run","Find a hill that will allow for consistent running for 10min. On the run down - the time is relatively short so you won't be able to get back to your start point in time. So pick a long enough climb to allow for consistent running up. Good spots: - Glen beach - Lions Head - Constantia Nek - Vredehoek - Blockhouse - Chapmans Peak Hike start - Noordhoek Peak - Silvermine gate - Noorhoek Peak - Tokai - Constantiaberg - Up Saaltjie - Mont Rochelle Gate to Du Toits","1.1","","2025-06-06","","12478.33984375","421","1155","1671.314","","1.10138392448425","3.1470000743866","","165","","152","180","","","0.748801474593273","68.58","26","8","17","19","0","","","","","","0","0","2","9","10","45","","","","","3","5"
"Zwift - Mosaic on Scotland Smash in Scotland","Bike","","","","2025-06-07","","80220.6328125","189","528","1718.305","","2.51416659355164","8.86299991607666","","87","","138","163","","","0.836060237986516","175.44","78","65","13","0","0","","","","","","39","40","38","17","16","1","","","","","",""
"Long Trail Run (Vert Focus)","Run","Look for long, sustained climbs with significant vertical gain where possible. (i.e. platteklip, devils peak, Newlands Ravine, nursery ravine, Constania Nek, Constantiaberg, etc.) Ideally >500m+ or as much vertical gain per kilometre as the event you are training for e.g. UTCT 55km has 49m+ per km so in a 20km long run you want to get ±980m+","3.5","","2025-06-08","","30706.330078125","303","521","3698.334","","3.38749074935913","2.51799988746643","","152","","141","174","","","0.665454281958103","171.32","110","63","37","2","0","","","","","","14","10","14","27","27","111","","","","","",""
"Rest Day","Day Off","Allows you to recover and promotes adaptation to the training load and stresses. It also helps prevent fatigue and keeps you injury free. Focus on: nutrition, sleep, feet up!","","","2025-06-08","","","","","","","","","","","","","","","","","","","","","","","","","","","","","","","","","","","","","","",""
"Threshold Road Run 15, 15 Minutes","Run","Threshold pace = 10-15km race pace/max effort pace you could sustain for 60min (therefore NOT a sprint). It should be comfortably hard (7/10 RPE) Threshold runs are great to help you become more efficient at faster paces, increases your lactate clearance rate, improves your endurance, fitness and metabolic efficiency.","1.08333333333333","","2025-06-10","","15540.8095703125","442","561","1794.066","","1.12762081623077","3.82800006866455","","172","","147","169","","","0.884154413466999","97.93","24","23","23","0","0","","","","","","0","0","0","0","0","67","","","","","6","3"
"Easy Effort Trail Run + 10 x 10 sec Strides (30 rest between)","Run","Easy effort runs are the bread and butter of your training. They are harder than recovery runs, but easier than threshold and are intended to boost your overall aerobic endurance by increasing the volume of your training safely. You should be able to do a hard session the next day, if not - you're running these too hard. Strides are shorts sprints at 90% effort, not flat out, to improve leg turnover. Run these on a flat surface, road or grass.","1.61111111111111","","2025-06-11","","17195.669921875","349","578","2028.514","","1.61261415481567","2.96199989318848","","165","","141","164","","","0.675493816943027","82.49","46","40","18","0","0","","","","","","1","2","2","10","10","71","","","","","3","5"
"Threshold Climb 3 x 8 min","Run","Find a hill that will allow for consistent running for 8 min. On the run down - the time is relatively short so you won't be able to get back to your start point in time. So pick a long enough climb to allow for consistent running up. Good spots: - Glen beach - Lions Head - Constantia Nek - Vredehoek - Blockhouse - Chapmans Peak Hike start - Noordhoek Peak - Silvermine gate - Noorhoek Peak - Tokai - Constantiaberg - Up Saaltjie - Mont Rochelle Gate to Du Toits","0.933333333333333","","2025-06-12","","10000","359","443","1293.822","","1.00043284893036","2.77699995040894","","163","","155","176","","","0.767431397518981","65.28","10","22","21","12","0","","","","","","0","0","0","0","1","59","","","","","7","7"
"Easy Effort Trail Run + 10 x 10 sec Strides (30 rest between)","Run","Easy effort runs are the bread and butter of your training. They are harder than recovery runs, but easier than threshold and are intended to boost your overall aerobic endurance by increasing the volume of your training safely. You should be able to do a hard session the next day, if not - you're running these too hard. Strides are shorts sprints at 90% effort, not flat out, to improve leg turnover. Run these on a flat surface, road or grass.","1.11111111111111","","2025-06-13","","13400","370","465","1482.11","","1.1119692325592","3.34699988365173","","163","","145","159","","","0.688210295327706","58.51","20","44","6","0","0","","","","","","0","0","0","0","0","66","","","","","3","5"
"Long Trail Run (Vert Focus)","Run","Look for long, sustained climbs with significant vertical gain where possible. (i.e. platteklip, devils peak, Newlands Ravine, nursery ravine, Constania Nek, Constantiaberg, etc.) Ideally >500m+ or as much vertical gain per kilometre as the event you are training for e.g. UTCT 55km has 49m+ per km so in a 20km long run you want to get ±980m+","4","","2025-06-14","","30031.30078125","281","645","3690.102","","3.64591193199158","2.28800010681152","","142","","149","169","","","0.713563960971095","212.4","64","73","94","0","0","","","","","","26","13","19","38","27","96","","","","","",""
"Rest Day","Day Off","Allows you to recover and promotes adaptation to the training load and stresses. It also helps prevent fatigue and keeps you injury free. Focus on: nutrition, sleep, feet up!","","","2025-06-15","","","","","","","","","","","","","","","","","","","","","","","","","","","","","","","","","","","","","","",""
"","Run","","","","2025-06-16","","15734.76953125","394","575","2127.391","","1.50098502635956","2.91199994087219","","165","","135","155","","","0.62940490158458","66.55","64","28","0","0","0","","","","","","0","1","1","2","9","77","","","","","",""
"Threshold Climb 3 x 15 min","Run","Find a hill that will allow for consistent running for 15min. On the run down - the time is relatively short so you won't be able to get back to your start point in time. So pick a long enough climb to allow for consistent running up. Good spots: - Glen beach - Lions Head - Constantia Nek - Vredehoek - Blockhouse - Chapmans Peak Hike start - Noordhoek Peak - Silvermine gate - Noorhoek Peak - Tokai - Constantiaberg - Up Saaltjie - Mont Rochelle Gate to Du Toits","1.5","","2025-06-17","","15123.4697265625","394","728","2145.331","","1.51133751869202","2.77999997138977","","165","","145","167","","","0.702777653147331","83.54","43","12","39","0","0","","","","","","0","2","5","10","12","62","","","","","5","5"
"","Run","","","","2025-06-18","","10369.9404296875","335","572","1256.369","","1.04160249233246","2.76500010490417","","161","","139","156","","","0.655039319293444","49.56","32","32","1","0","0","","","","","","2","1","2","10","9","38","","","","","",""
"Rest Day","Day Off","Allows you to recover and promotes adaptation to the training load and stresses. It also helps prevent fatigue and keeps you injury free. Focus on: nutrition, sleep, feet up!","","","2025-06-19","","","","","","","","","","","","","","","","","","","","","","","","","","","","","","","","","","","","","","",""
"Zwift - Breakfast Returns on Greater London Flat in London","Bike","","","","2025-06-20","","33027.0390625","190","335","690.899","","1.00666666030884","9.11299991607666","","91","","129","158","","","0.89315389595904","79.75","37","22","4","0","0","","","","","","25","19","1","1","1","15","","","","","",""
"Easy Effort Trail Run + 10 x 10 sec Strides (30 rest between)","Run","Easy effort runs are the bread and butter of your training. They are harder than recovery runs, but easier than threshold and are intended to boost your overall aerobic endurance by increasing the volume of your training safely. You should be able to do a hard session the next day, if not - you're running these too hard. Strides are shorts sprints at 90% effort, not flat out, to improve leg turnover. Run these on a flat surface, road or grass.","1.61111111111111","","2025-06-21","","17019.66015625","396","580","2312.487","","1.62314164638519","2.91300010681152","","165","","138","158","","","0.646792047825761","76.13","63","34","6","0","0","","","","","","0","1","1","3","9","83","","","","","3","5"
"Long Trail Run (Vert Focus)","Run","Look for long, sustained climbs with significant vertical gain where possible. (i.e. platteklip, devils peak, Newlands Ravine, nursery ravine, Constania Nek, Constantiaberg, etc.) Ideally >500m+ or as much vertical gain per kilometre as the event you are training for e.g. UTCT 55km has 49m+ per km so in a 20km long run you want to get ±980m+","4.5","","2025-06-22","","28562.310546875","278","669","3546.973","","3.54520511627197","2.23799991607666","","143","","138","171","","","0.646184673841298","169.26","128","77","18","0","0","","","","","","25","14","19","33","27","94","","","","","4",""
"Zwift - Aerobic Sustainability on Tempus Fugit in Watopia","Bike","","","","2025-06-23","","30490.4609375","182","323","581.216","","0.887222230434418","9.54599952697754","","84","","120","134","","","0.762382566583559","51.08","53","0","0","0","0","","","","","","11","6","32","5","0","0","","","","","",""
"Threshold Climb 3 x 15 min","Run","Find a hill that will allow for consistent running for 15min. On the run down - the time is relatively short so you won't be able to get back to your start point in time. So pick a long enough climb to allow for consistent running up. Good spots: - Glen beach - Lions Head - Constantia Nek - Vredehoek - Blockhouse - Chapmans Peak Hike start - Noordhoek Peak - Silvermine gate - Noorhoek Peak - Tokai - Constantiaberg - Up Saaltjie - Mont Rochelle Gate to Du Toits","1.41666666666667","","2025-06-24","","15215.5302734375","396","754","2169.948","","1.51872134208679","2.78299999237061","","166","","147","170","","","0.718459416834716","87.78","41","10","42","2","0","","","","","","1","2","5","10","11","62","","","","","6","5"
"Rest Day","Day Off","Allows you to recover and promotes adaptation to the training load and stresses. It also helps prevent fatigue and keeps you injury free. Focus on: nutrition, sleep, feet up!","","","2025-06-25","","","","","","","","","","","","","","","","","","","","","","","","","","","","","","","","","","","","","","",""
"Easy Effort Trail Run + 10 x 10 sec Strides (30 rest between)","Run","Easy effort runs are the bread and butter of your training. They are harder than recovery runs, but easier than threshold and are intended to boost your overall aerobic endurance by increasing the volume of your training safely. You should be able to do a hard session the next day, if not - you're running these too hard. Strides are shorts sprints at 90% effort, not flat out, to improve leg turnover. Run these on a flat surface, road or grass.","1.61111111111111","","2025-06-26","","17007.390625","345","632","2036.637","","1.63773453235626","2.88499999046326","","164","","141","161","","","0.650082150642043","77.62","57","43","4","0","0","","","","","","4","1","5","8","10","69","","","","","3","5"
"8 x 1000m at 10km Race Pace","Run","Warm up: 2 km 8 x 1000 m at 10 km race pace 2 min rest Cool down: 2 km","1.33166666666667","15856","2025-06-27","","15071.8095703125","374","640","1653.224","","1.22671329975128","3.41300010681152","","160","","144","175","","","0.840552072451615","96.52","32","17","20","10","0","","","","","","15","0","0","0","0","58","","","","","7","5"
"Long Trail Run (Vert Focus)","Run","Look for long, sustained climbs with significant vertical gain where possible. (i.e. platteklip, devils peak, Newlands Ravine, nursery ravine, Constania Nek, Constantiaberg, etc.) Ideally >500m+ or as much vertical gain per kilometre as the event you are training for e.g. UTCT 55km has 49m+ per km so in a 20km long run you want to get ±980m+","5","","2025-06-28","","","","","","","","","","","","","","","","","","","","","","","","","","","","","","","","","","","","","","",""
"Easy Effort Trail Run + 10 x 10 sec Strides (30 rest between)","Run","Easy effort runs are the bread and butter of your training. They are harder than recovery runs, but easier than threshold and are intended to boost your overall aerobic endurance by increasing the volume of your training safely. You should be able to do a hard session the next day, if not - you're running these too hard. Strides are shorts sprints at 90% effort, not flat out, to improve leg turnover. Run these on a flat surface, road or grass.","1.61111111111111","","2025-06-30","","17095.30078125","344","518","1999.665","","1.61239397525787","2.9449999332428","","163","","142","157","","","0.65485032252397","77.51","51","49","6","0","0","","","","","","2","1","3","11","10","69","","","","","3","5"
"Threshold Climb 3 x 15 min","Run","Find a hill that will allow for consistent running for 15min. On the run down - the time is relatively short so you won't be able to get back to your start point in time. So pick a long enough climb to allow for consistent running up. Good spots: - Glen beach - Lions Head - Constantia Nek - Vredehoek - Blockhouse - Chapmans Peak Hike start - Noordhoek Peak - Silvermine gate - Noorhoek Peak - Tokai - Constantiaberg - Up Saaltjie - Mont Rochelle Gate to Du Toits","1.41666666666667","","2025-07-01","","15533.009765625","403","749","2209.201","","1.52281749248505","2.83299994468689","","165","","149","176","","","0.724284941569683","89.43","41","8","37","10","0","","","","","","1","2","6","10","11","61","","","","","5","5"
"Easy Effort Trail Run + 10 x 10 sec Strides (30 rest between)","Run","Easy effort runs are the bread and butter of your training. They are harder than recovery runs, but easier than threshold and are intended to boost your overall aerobic endurance by increasing the volume of your training safely. You should be able to do a hard session the next day, if not - you're running these too hard. Strides are shorts sprints at 90% effort, not flat out, to improve leg turnover. Run these on a flat surface, road or grass.","1.11111111111111","","2025-07-02","","11359.1298828125","340","558","1363.94","","1.11423051357269","2.83200001716614","","163","","138","159","","","0.654737912829638","53.05","38","30","2","0","0","","","","","","2","2","2","10","8","43","","","","","3","5"
"5 x 1600m at 10km Race Pace","Run","2 km Warm Up 5 x 1600 m at 10 km Race Pace 2:30 min Rest 2 km Cool Down","1.18194444444444","14450","2025-07-03","","14478.0498046875","400","698","1619.256","","1.12328696250916","3.57999992370605","","162","","140","173","","","0.838680496798171","87.81","38","5","24","2","0","","","","","","8","4","0","0","0","55","","","","","7","5"
"Easy Effort Ride","Bike","","1.5","","2025-07-04","","","","","","","","","","","","","","","","","","","","","","","","","","","","","","","","","","","","","","",""
"Long Run + Steady state surging","Run","Long run with some steady state tempo efforts in the middle. Effort should be at goal race pace and should be comfortably hard. Try to find rolling terrain or terrain that will replicate that of the race you are preparing for.","3.5","","2025-07-05","","30016.9296875","289","882","3691.934","","3.55180668830872","2.34800004959106","","143","","143","166","","","0.674391385959739","184.7","104","69","50","0","0","","","","","","27","16","16","23","24","108","","","","","3","5"
"Easy Effort Trail Run + 10 x 10 sec Strides (30 rest between)","Run","Easy effort runs are the bread and butter of your training. They are harder than recovery runs, but easier than threshold and are intended to boost your overall aerobic endurance by increasing the volume of your training safely. You should be able to do a hard session the next day, if not - you're running these too hard. Strides are shorts sprints at 90% effort, not flat out, to improve leg turnover. Run these on a flat surface, road or grass.","1.61111111111111","","2025-07-06","","11510.919921875","336","582","1406.917","","1.16250216960907","2.75099992752075","","163","","131","152","","","0.622969578383476","50.17","55","16","0","0","0","","","","","","1","1","6","9","9","44","","","","","",""
"Strength 2","Strength","Notes: Rest 45s between sets. Men - 12kg Kettlebell, Ladies - 8kg Kettlebell WU - 10 x bodyweight squats x 4 sets. Session: - Kettlebell Single Leg Deadlift x 8 reps each leg, 3 sets link - https://drive.google.com/file/d/1R6-yEaqhnGW_AkAqyEoFDDa_ZX-fQ8I2/view?usp=sharing - Kettlebell Bulgarian Split Squat x 8 reps each leg, 3 sets link -https://drive.google.com/file/d/1pq_dbAwyswDAavCYOZC4SUb_5IKkmJOf/view?usp=sharing- Single Leg Step Up (bodyweight) x 10 reps each leg, 3 sets link - https://drive.google.com/file/d/1-rM6F9vcy2Gt_fVVJviv76PGaNHQN8Ee/view?usp=sharing- Alternating Jump Lunges (bodyweight) x 12 reps, 3 sets link - https://drive.google.com/file/d/1hVbWq8AdUjRfV-8vgV3pzKpKMjgRFCRk/view?usp=sharing- Side Bridge Glute Hip Abductions (bodyweight) x 15 reps each leg, 3 sets. link - https://drive.google.com/file/d/1J4AS8GYEkYkq0z5OE5N1vxoa-gjEVc0B/view?usp=sharing Core ( Do each exercise back to back, then repeat for 3 sets): - Alternating toe taps x 12 - https://drive.google.com/file/d/1bFNnPkh6OGqNgtMSho1EVCTj3MIGBvod/view?usp=sharing - Leg Raises x 12 - https://drive.google.com/file/d/1UZlOU6AJBs7FLaaQwVZZs7u3rN9wdZoC/view?usp=sharing- Reptiles x 12 -https://drive.google.com/file/d/1SONVhbdREMiSQcEFmfIRmodqJf16alK6/view?usp=sharing","0.833333333333333","","2025-07-07","","","","","","","","","","","","","","","","","","","","","","","","","","","","","","","","","","","","","","",""
"5km Threshold Climb x 2","Run","5 km tempo effort climb and easy recover down Use one of the routes below: Constantia Neck: https://www.plotaroute.com/route/560548 Camps Bay: https://www.plotaroute.com/route/577913","2","20000","2025-07-08","","20058.830078125","384","606","2439.558","","1.76280498504639","3.16100001335144","","167","","152","177","","","0.742349139948976","109.18","41","14","33","24","0","","","","","","1","3","9","15","11","67","","","","","7","5"
"Easy Effort Trail Run + 10 x 10 sec Strides (30 rest between)","Run","Easy effort runs are the bread and butter of your training. They are harder than recovery runs, but easier than threshold and are intended to boost your overall aerobic endurance by increasing the volume of your training safely. You should be able to do a hard session the next day, if not - you're running these too hard. Strides are shorts sprints at 90% effort, not flat out, to improve leg turnover. Run these on a flat surface, road or grass.","1.36111111111111","","2025-07-09","","13348.6396484375","331","554","1620.407","","1.361412525177","2.72399997711182","","161","","134","152","","","0.626671335406774","59.68","60","25","0","0","0","","","","","","3","1","2","14","16","47","","","","","3","5"
"Threshold Road Run 15, 15 Minutes","Run","Threshold pace = 10-15km race pace/max effort pace you could sustain for 60min (therefore NOT a sprint). It should be comfortably hard (7/10 RPE) Threshold runs are great to help you become more efficient at faster paces, increases your lactate clearance rate, improves your endurance, fitness and metabolic efficiency.","0.833333333333333","","2025-07-10","","","","","","","","","","","","","","","","","","","","","","","","","","","","","","","","","","","","","","",""
"Easy Effort Ride","Bike","","1","","2025-07-11","","","","","","","","","","","","","","","","","","","","","","","","","","","","","","","","","","","","","","",""
"Long Trail Run with 30s Surges","Run","The idea is to surge for short amounts of time throughout your run. These surges will help to simulate the challenges you may face during a race due to changes in terrain or accelerations from your competition. Surges should be at a challenging but controlled effort. Think 10km/21km race pace.","2","","2025-07-12","","21583.580078125","357","547","2579.315","","2.00268578529358","2.99399995803833","","164","","143","164","","","0.758532078896208","129.89","55","52","19","0","0","","","","","","1","1","4","13","17","84","","","","","3","5"
"Easy Effort Trail Run + 10 x 10 sec Strides (30 rest between)","Run","Easy effort runs are the bread and butter of your training. They are harder than recovery runs, but easier than threshold and are intended to boost your overall aerobic endurance by increasing the volume of your training safely. You should be able to do a hard session the next day, if not - you're running these too hard. Strides are shorts sprints at 90% effort, not flat out, to improve leg turnover. Run these on a flat surface, road or grass.","1.11111111111111","","2025-07-13","","10867.2197265625","348","567","1308.058","","1.04473614692688","2.88899993896484","","164","","137","153","","","0.643569530235547","47.99","39","25","0","0","0","","","","","","2","0","2","9","8","41","","","","","3","5"
"Rest Day","Day Off","Allows you to recover and promotes adaptation to the training load and stresses. It also helps prevent fatigue and keeps you injury free. Focus on: nutrition, sleep, feet up!","","","2025-07-14","","","","","","","","","","","","","","","","","","","","","","","","","","","","","","","","","","","","","","",""
"Progression Run 2, 12 km","Run","","0.842777777777778","12000","2025-07-15","","12014.669921875","434","511","1299.015","","0.83111560344696","4.01599979400635","","174","","154","173","","","0.935927536514923","80.3","7","19","20","6","0","","","","","","0","0","0","0","0","50","","","","","5","5"
"Recovery Trail Run","Run","Recovery runs are very easy effort runs that are noticeably slower than your other runs. They are intended to enhance recovery, stimulate blood flow and prepare you for your next work out. Going too hard on these runs increases the risk of injury and means you will not be able to get the most out of your hard sessions to come. Keep the easy days easy so you can run the hard days hard.","0.75","","2025-07-16","","8020.72021484375","357","726","979.688","","0.763054192066193","2.92000007629395","","165","","138","159","","","0.663182612292152","36.93","25","20","3","0","0","","","","","","0","0","2","7","6","31","","","","","2","5"
"Rest Day","Day Off","Allows you to recover and promotes adaptation to the training load and stresses. It also helps prevent fatigue and keeps you injury free. Focus on: nutrition, sleep, feet up!","","","2025-07-17","","","","","","","","","","","","","","","","","","","","","","","","","","","","","","","","","","","","","","",""
"Pre Race Shake Out + 5 x 10 sec Strides (30 sec rest between)","Run","An easy effort run to keep the legs loose and ready to race , also helps shake out any stiffness from travel to race location. Strides are shorts sprints at 90% effort, not flat out, to improve leg turnover. Run these on a flat surface, road or grass.","0.555555555555556","","2025-07-18","","6869.14990234375","375","533","749.848","","0.555999994277954","3.43199992179871","","165","","139","156","","","0.635911661998935","24.54","26","9","1","0","0","","","","","","0","0","0","0","0","33","","","","","2","5"
"Pre Race Warm Up Run + 3 x 10 sec Strides","Run","Slowly build the effort of the warm up towards threshold pace for the last minute then perform your strides. Try to complete this warm up 15 minutes before the start.","0.283333333333333","","2025-07-19","","1005.05999755859","352","427","108.205","","0.0850458368659019","3.28299999237061","","166","","144","152","","","0.701760879964308","4.36","1","4","0","0","0","","","","","","0","0","0","0","0","5","","","","","2","5"
"Trail Running","Run","","","","2025-07-19","","48653.1484375","285","568","5991.76","","5.83739137649536","2.31500005722046","","144","","166","175","","","0.816138131826281","450.16","1","21","262","182","0","","","","","","56","19","16","42","48","170","","","","","",""
"Rest Day","Day Off","Allows you to recover and promotes adaptation to the training load and stresses. It also helps prevent fatigue and keeps you injury free. Focus on: nutrition, sleep, feet up!","","","2025-07-20","","","","","","","","","","","","","","","","","","","","","","","","","","","","","","","","","","","","","","",""
"Rest Day","Day Off","Allows you to recover and promotes adaptation to the training load and stresses. It also helps prevent fatigue and keeps you injury free. Focus on: nutrition, sleep, feet up!","","","2025-07-21","","","","","","","","","","","","","","","","","","","","","","","","","","","","","","","","","","","","","","",""
"Rest Day","Day Off","Allows you to recover and promotes adaptation to the training load and stresses. It also helps prevent fatigue and keeps you injury free. Focus on: nutrition, sleep, feet up!","","","2025-07-23","","","","","","","","","","","","","","","","","","","","","","","","","","","","","","","","","","","","","","",""
"Rest Day","Day Off","Allows you to recover and promotes adaptation to the training load and stresses. It also helps prevent fatigue and keeps you injury free. Focus on: nutrition, sleep, feet up!","","","2025-07-25","","","","","","","","","","","","","","","","","","","","","","","","","","","","","","","","","","","","","","",""
"Recovery Trail Run","Run","Recovery runs are very easy effort runs that are noticeably slower than your other runs. They are intended to enhance recovery, stimulate blood flow and prepare you for your next work out. Going too hard on these runs increases the risk of injury and means you will not be able to get the most out of your hard sessions to come. Keep the easy days easy so you can run the hard days hard.","0.75","","2025-07-25","","","","","","","","","","","","","","","","","","","","","","","","","","","","","","","","","","","","","","",""
"Zwift - Zone 2 #1 on Scotland Smash in Scotland","Bike","","","","2025-07-26","","30301.4609375","165","241","598.538","","1.00666666030884","8.36100006103516","","86","","120","135","","","0.679624718718267","46.25","60","0","0","0","0","","","","","","10","45","5","1","0","0","","","","","",""
"Recovery Trail Run","Run","Recovery runs are very easy effort runs that are noticeably slower than your other runs. They are intended to enhance recovery, stimulate blood flow and prepare you for your next work out. Going too hard on these runs increases the risk of injury and means you will not be able to get the most out of your hard sessions to come. Keep the easy days easy so you can run the hard days hard.","0.5","","2025-07-27","","","","","","","","","","","","","","","","","","","","","","","","","","","","","","","","","","","","","","",""
"Rest Day","Day Off","Allows you to recover and promotes adaptation to the training load and stresses. It also helps prevent fatigue and keeps you injury free. Focus on: nutrition, sleep, feet up!","","","2025-07-27","","","","","","","","","","","","","","","","","","","","","","","","","","","","","","","","","","","","","","",""
"Zwift - Back to Basics on R.G.V. in France","Bike","","","","2025-07-28","","35276.7890625","179","277","705.772","","1.08944439888","8.99400043487549","","84","","122","149","","","0.792355817996572","67.92","61","5","0","0","0","","","","","","28","4","16","16","1","0","","","","","",""
"Easy Effort Trail Run","Run","Easy effort runs are the bread and butter of your training. They are harder than recovery runs, but easier than threshold and are intended to boost your overall aerobic endurance by increasing the volume of your training safely. You should be able to do a hard session the next day, if not - you're running these too hard.","1","","2025-07-29","","","","","","","","","","","","","","","","","","","","","","","","","","","","","","","","","","","","","","",""
"Easy Effort Ride","Bike","","1","","2025-07-30","","39062.91015625","181","310","817.121","","1.25027775764465","8.67800045013428","","87","","126","161","","","0.833171779709531","86.16","59","12","5","0","0","","","","","","37","15","0","13","9","0","","","","","",""
"Zwift - Melange on London 8 in London","Bike","","","","2025-07-31","","41562.98828125","176","332","954.277","","1.50388884544373","7.67600011825562","","88","","131","157","","","0.761354803262872","86.81","71","20","2","0","0","","","","","","28","36","11","12","1","2","","","","","",""
"Rest or Cross Train","Day Off","This is a good day for resting or doing some active recovery. You could do some recovery effort cycling, hiking, walking, yoga, swimming etc. Keep it light and easy :)","","","2025-08-01","","","","","","","","","","","","","","","","","","","","","","","","","","","","","","","","","","","","","","",""
"Running","Run","","","","2025-08-01","","10010.2900390625","379","486","1104.692","","0.809583306312561","3.43499994277954","","164","","142","155","","","0.797986978805248","56.8","23","28","0","0","0","","","","","","0","0","0","0","0","48","","","","","",""
"Long Trail Run (Vert Focus)","Run","Look for long, sustained climbs with significant vertical gain where possible. (i.e. platteklip, devils peak, Newlands Ravine, nursery ravine, Constania Nek, Constantiaberg, etc.) Ideally >500m+ or as much vertical gain per kilometre as the event you are training for e.g. UTCT 55km has 49m+ per km so in a 20km long run you want to get ±980m+","2","","2025-08-02","","11149.41015625","353","564","1328.811","","1.0438060760498","2.96700000762939","","166","","143","161","","","0.691404769081707","55.34","27","21","18","0","0","","","","","","0","0","2","12","8","40","","","","","",""
"Easy Effort Ride","Bike","","1","","2025-08-03","","","","","","","","","","","","","","","","","","","","","","","","","","","","","","","","","","","","","","",""
"Rest or Cross Train","Day Off","This is a good day for resting or doing some active recovery. You could do some recovery effort cycling, hiking, walking, yoga, swimming etc. Keep it light and easy :)","","","2025-08-04","","","","","","","","","","","","","","","","","","","","","","","","","","","","","","","","","","","","","","",""
"Zwift - Get It Done on Scotland Smash in Scotland","Bike","","","","2025-08-04","","30925.25","171","589","620.592","","1.00416672229767","8.55399990081787","","88","","115","150","","","0.758565077468616","57.18","59","1","0","0","0","","","","","","16","28","14","1","1","1","","","","","",""
"Zwift - Following The Efforts on Suki's Playground in Makuri Islands","Bike","","","","2025-08-05","","31815.220703125","184","322","667.425","","1.00750005245209","8.77099990844727","","88","","123","146","","","0.794460906774227","62.93","60","1","0","0","0","","","","","","18","12","23","1","6","0","","","","","",""
"Easy Effort Trail Run + 10 x 10 sec Strides (30 rest between)","Run","Easy effort runs are the bread and butter of your training. They are harder than recovery runs, but easier than threshold and are intended to boost your overall aerobic endurance by increasing the volume of your training safely. You should be able to do a hard session the next day, if not - you're running these too hard. Strides are shorts sprints at 90% effort, not flat out, to improve leg turnover. Run these on a flat surface, road or grass.","1.11111111111111","","2025-08-06","","","","","","","","","","","","","","","","","","","","","","","","","","","","","","","","","","","","","","",""
"Threshold Climb 3 x 8 min","Run","Find a hill that will allow for consistent running for 8 min. On the run down - the time is relatively short so you won't be able to get back to your start point in time. So pick a long enough climb to allow for consistent running up. Good spots: - Glen beach - Lions Head - Constantia Nek - Vredehoek - Blockhouse - Chapmans Peak Hike start - Noordhoek Peak - Silvermine gate - Noorhoek Peak - Tokai - Constantiaberg - Up Saaltjie - Mont Rochelle Gate to Du Toits","0.933333333333333","","2025-08-06","","11670.8603515625","350","555","1401.385","","1.1114866733551","2.91700005531311","","166","","144","164","","","0.69812421728307","60.16","26","23","20","0","0","","","","","","2","2","3","9","7","44","","","","","2","5"
"Easy Effort Trail Run","Run","Easy effort runs are the bread and butter of your training. They are harder than recovery runs, but easier than threshold and are intended to boost your overall aerobic endurance by increasing the volume of your training safely. You should be able to do a hard session the next day, if not - you're running these too hard.","1","","2025-08-07","","11018.4404296875","365","629","1325.449","","1.00678277015686","3.03999996185303","","162","","147","167","","","0.716550702801368","57.28","19","21","23","0","0","","","","","","2","1","1","6","8","43","","","","","3","5"
"Easy Effort Trail Run (Vert Focus)","Run","Look for big sustained climbs where possible, but ensure you maintain aerobic effort (i.e. when running/hiking uphill be sure you could keep going at that pace for 60min, and/or you should be able to run when you get to the top of the climb). As much vertical gain per kilometer as the event you are training for e.g. UTCT 55km has 49m+ per km so in a 20km long run you want to get ±980m+","1","","2025-08-07","","","","","","","","","","","","","","","","","","","","","","","","","","","","","","","","","","","","","","",""
"Easy Effort Ride","Bike","","1","","2025-08-08","","","","","","","","","","","","","","","","","","","","","","","","","","","","","","","","","","","","","","",""
"Long Trail Run (Vert Focus)","Run","Look for long, sustained climbs with significant vertical gain where possible. (i.e. platteklip, devils peak, Newlands Ravine, nursery ravine, Constania Nek, Constantiaberg, etc.) Ideally >500m+ or as much vertical gain per kilometre as the event you are training for e.g. UTCT 55km has 49m+ per km so in a 20km long run you want to get ±980m+","2","","2025-08-09","","","","","","","","","","","","","","","","","","","","","","","","","","","","","","","","","","","","","","",""
"Easy Effort Trail Run + 10 x 10 sec Strides (30 rest between)","Run","Easy effort runs are the bread and butter of your training. They are harder than recovery runs, but easier than threshold and are intended to boost your overall aerobic endurance by increasing the volume of your training safely. You should be able to do a hard session the next day, if not - you're running these too hard. Strides are shorts sprints at 90% effort, not flat out, to improve leg turnover. Run these on a flat surface, road or grass.","1.11111111111111","","2025-08-10","","","","","","","","","","","","","","","","","","","","","","","","","","","","","","","","","","","","","","",""
"Trail Running","Run","","","","2025-08-11","","10930.169921875","357","547","1320.47","","1.02588665485382","2.96000003814697","","162","","148","165","","","0.714912386355841","58.12","18","25","22","0","0","","","","","","2","1","1","7","9","43","","","","","",""
"Easy Effort Trail Run + 10 x 10 sec Strides (30 rest between)","Run","Easy effort runs are the bread and butter of your training. They are harder than recovery runs, but easier than threshold and are intended to boost your overall aerobic endurance by increasing the volume of your training safely. You should be able to do a hard session the next day, if not - you're running these too hard. Strides are shorts sprints at 90% effort, not flat out, to improve leg turnover. Run these on a flat surface, road or grass.","1.11111111111111","","2025-08-12","","12124.91015625","358","590","1449.754","","1.12294948101044","2.99900007247925","","164","","146","168","","","0.706006291708357","62.19","24","27","20","0","0","","","","","","1","2","2","7","7","49","","","","","3","5"
"Threshold Climb 3 x 10 min","Run","Find a hill that will allow for consistent running for 10min. On the run down - the time is relatively short so you won't be able to get back to your start point in time. So pick a long enough climb to allow for consistent running up. Good spots: - Glen beach - Lions Head - Constantia Nek - Vredehoek - Blockhouse - Chapmans Peak Hike start - Noordhoek Peak - Silvermine gate - Noorhoek Peak - Tokai - Constantiaberg - Up Saaltjie - Mont Rochelle Gate to Du Toits","1.1","","2025-08-14","","12454.830078125","380","580","1506.712","","1.10130298137665","3.14100003242493","","166","","153","177","","","0.82496083573344","83.21","24","12","14","19","0","","","","","","0","0","1","12","10","43","","","","","7","5"
"Running","Run","","","","2025-08-15","","10527.3095703125","349","578","1264.102","","1.00529420375824","2.90899991989136","","163","","146","164","","","0.706992971402872","55.66","21","23","20","0","0","","","","","","2","0","1","9","8","40","","","","","",""
"Easy Effort Trail Run + 10 x 10 sec Strides (30 rest between)","Run","Easy effort runs are the bread and butter of your training. They are harder than recovery runs, but easier than threshold and are intended to boost your overall aerobic endurance by increasing the volume of your training safely. You should be able to do a hard session the next day, if not - you're running these too hard. Strides are shorts sprints at 90% effort, not flat out, to improve leg turnover. Run these on a flat surface, road or grass.","1.61111111111111","","2025-08-16","","16360.2802734375","364","638","1947.184","","1.48609805107117","3.05800008773804","","162","","144","162","","","1.5415665363877","351.51","37","37","21","0","0","","","","","","2","1","2","6","10","68","","","","","",""
"Long Trail Run with 30s Surges","Run","The idea is to surge for short amounts of time throughout your run. These surges will help to simulate the challenges you may face during a race due to changes in terrain or accelerations from your competition. Surges should be at a challenging but controlled effort. Think 10km/21km race pace.","2.5","","2025-08-17","","25352.400390625","345","563","3016.308","","2.42621755599976","2.90300011634827","","162","","144","164","","","0.682935472390613","128.19","64","55","36","0","0","","","","","","1","1","5","18","16","105","","","","","",""
"Easy Effort Trail Run + 10 x 10 sec Strides (30 rest between)","Run","Easy effort runs are the bread and butter of your training. They are harder than recovery runs, but easier than threshold and are intended to boost your overall aerobic endurance by increasing the volume of your training safely. You should be able to do a hard session the next day, if not - you're running these too hard. Strides are shorts sprints at 90% effort, not flat out, to improve leg turnover. Run these on a flat surface, road or grass.","1.11111111111111","","2025-08-18","","","","","","","","","","","","","","","","","","","","","","","","","","","","","","","","","","","","","","",""
"5 x 1600m at 10km Race Pace","Run","2 km Warm Up 5 x 1600 m at 10 km Race Pace 2:30 min Rest 2 km Cool Down","1.18194444444444","14450","2025-08-18","","","","","","","","","","","","","","","","","","","","","","","","","","","","","","","","","","","","","","",""
"Threshold Climb 3 x 12 min","Run","Find a hill that will allow for consistent running for 12min. On the run down - the time is relatively short so you won't be able to get back to your start point in time. So pick a long enough climb to allow for consistent running up. Good spots: - Glen beach - Lions Head - Constantia Nek - Vredehoek - Blockhouse - Chapmans Peak Hike start - Noordhoek Peak - Silvermine gate - Noorhoek Peak - Tokai - Constantiaberg - Up Saaltjie - Mont Rochelle Gate to Du Toits","1.26666666666667","","2025-08-19","","","","","","","","","","","","","","","","","","","","","","","","","","","","","","","","","","","","","","",""
"Long Trail Run (Vert Focus)","Run","Look for long, sustained climbs with significant vertical gain where possible. (i.e. platteklip, devils peak, Newlands Ravine, nursery ravine, Constania Nek, Constantiaberg, etc.) Ideally >500m+ or as much vertical gain per kilometre as the event you are training for e.g. UTCT 55km has 49m+ per km so in a 20km long run you want to get ±980m+","3","","2025-08-23","","","","","","","","","","","","","","","","","","","","","","","","","","","","","","","","","","","","","","",""
"Easy Effort Trail Run (Vert Focus)","Run","Look for big sustained climbs where possible, but ensure you maintain aerobic effort (i.e. when running/hiking uphill be sure you could keep going at that pace for 60min, and/or you should be able to run when you get to the top of the climb). As much vertical gain per kilometer as the event you are training for e.g. UTCT 55km has 49m+ per km so in a 20km long run you want to get ±980m+","1.5","","2025-08-24","","","","","","","","","","","","","","","","","","","","","","","","","","","","","","","","","","","","","","",""
"Easy Effort Trail Run + 10 x 10 sec Strides (30 rest between)","Run","Easy effort runs are the bread and butter of your training. They are harder than recovery runs, but easier than threshold and are intended to boost your overall aerobic endurance by increasing the volume of your training safely. You should be able to do a hard session the next day, if not - you're running these too hard. Strides are shorts sprints at 90% effort, not flat out, to improve leg turnover. Run these on a flat surface, road or grass.","1.44444444444444","","2025-08-25","","15797.91015625","351","552","1866.703","","1.47686886787415","2.97099995613098","","162","","146","167","","","0.698334851112887","80.59","34","32","27","0","0","","","","","","3","0","2","10","10","64","","","","","",""
"Threshold Climb 2 x 15 min","Run","Find a hill that will allow for consistent running for 15min. On the run down - the time is relatively short so you won't be able to get back to your start point in time. So pick a long enough climb to allow for consistent running up. Good spots: - Glen beach - Lions Head - Constantia Nek - Vredehoek - Blockhouse - Chapmans Peak Hike start - Noordhoek Peak - Silvermine gate - Noorhoek Peak - Tokai - Constantiaberg - Up Saaltjie - Mont Rochelle Gate to Du Toits","1","","2025-08-26","","11022.0302734375","355","549","1373.887","","1.07214832305908","2.85599994659424","","163","","149","178","","","0.727380263184064","62.95","29","8","22","8","0","","","","","","2","2","6","7","6","41","","","","","3","5"
"Easy Effort Ride","Bike","","1","","2025-08-28","","32566.080078125","196","319","712.747","","1.00611114501953","8.99100017547607","","88","","133","160","","","0.836449108043951","69.83","44","16","1","0","0","","","","","","1","39","6","7","6","1","","","","","",""
"Zwift - 8/6/4min Threshold on Casse-Pattes in France","Bike","","","","2025-08-29","","30913.890625","182","441","661.478","","1.00527775287628","8.54199981689453","","88","","125","154","","","0.810817500284948","65.7","48","14","0","0","0","","","","","","27","6","7","19","1","0","","","","","",""
"Zwift - Mishmash on R.G.V. in France","Bike","","","","2025-08-30","","50127.37890625","185","271","1022.511","","1.52972221374512","9.10200023651123","","83","","130","152","","","0.770954146990901","90.66","80","13","0","0","0","","","","","","10","41","37","3","1","0","","","","","",""
"Easy Effort Trail Run (Vert Focus)","Run","Look for big sustained climbs where possible, but ensure you maintain aerobic effort (i.e. when running/hiking uphill be sure you could keep going at that pace for 60min, and/or you should be able to run when you get to the top of the climb). As much vertical gain per kilometer as the event you are training for e.g. UTCT 55km has 49m+ per km so in a 20km long run you want to get ±980m+","1.5","","2025-08-31","","","","","","","","","","","","","","","","","","","","","","","","","","","","","","","","","","","","","","",""
"Trail Running","Run","","","","2025-09-01","","10617.509765625","354","560","1302.186","","1.02105224132538","2.88800001144409","","162","","142","162","","","0.67870483471534","52.13","30","22","12","0","0","","","","","","1","1","2","8","7","43","","","","","",""
"Easy Effort Trail Run + 10 x 10 sec Strides (30 rest between)","Run","Easy effort runs are the bread and butter of your training. They are harder than recovery runs, but easier than threshold and are intended to boost your overall aerobic endurance by increasing the volume of your training safely. You should be able to do a hard session the next day, if not - you're running these too hard. Strides are shorts sprints at 90% effort, not flat out, to improve leg turnover. Run these on a flat surface, road or grass.","1.44444444444444","","2025-09-02","","12528.3896484375","357","542","1520.608","","1.18244755268097","2.94300007820129","","163","","143","163","","","0.685679317802691","61.86","32","26","18","0","0","","","","","","2","2","2","6","7","51","","","","","3","9"
"Easy Effort Trail Run","Run","Easy effort runs are the bread and butter of your training. They are harder than recovery runs, but easier than threshold and are intended to boost your overall aerobic endurance by increasing the volume of your training safely. You should be able to do a hard session the next day, if not - you're running these too hard.","1.33333333333333","","2025-09-03","","","","","","","","","","","","","","","","","","","","","","","","","","","","","","","","","","","","","","",""
"Zwift - Melange on R.G.V. in France","Bike","","","","2025-09-04","","48020.48828125","175","334","953.436","","1.50555551052094","8.85900020599365","","89","","124","152","","","0.760592151200492","86.67","86","6","0","0","0","","","","","","28","36","11","12","1","2","","","","","",""
"Easy Effort Ride","Bike","","1","","2025-09-05","","26409.060546875","172","331","623.266","","1.00305557250977","7.31300020217896","","91","","119","136","","","0.718939096455119","51.36","60","0","0","0","0","","","","","","11","42","5","0","1","1","","","","","",""
"Zwift - SST (Long) on Casse-Pattes in France","Bike","","","","2025-09-06","","71117.890625","210","278","1646.808","","2.17249989509583","9.0930004119873","","85","","137","154","","","0.870487529426051","163.62","78","60","0","0","0","","","","","","13","14","52","50","2","0","","","","","",""
"Easy Effort Trail Run (Vert Focus)","Run","Look for big sustained climbs where possible, but ensure you maintain aerobic effort (i.e. when running/hiking uphill be sure you could keep going at that pace for 60min, and/or you should be able to run when you get to the top of the climb). As much vertical gain per kilometer as the event you are training for e.g. UTCT 55km has 49m+ per km so in a 20km long run you want to get ±980m+","1.5","","2025-09-07","","","","","","","","","","","","","","","","","","","","","","","","","","","","","","","","","","","","","","",""
"Easy Effort Ride","Bike","","1","","2025-09-08","","28499.08984375","172","330","623.126","","1.00333333015442","7.8899998664856","","88","","113","132","","","0.71868744157887","51.32","60","0","0","0","0","","","","","","11","42","5","0","1","1","","","","","",""
"Easy Effort Ride","Bike","","1","","2025-09-09","","32825.9609375","203","296","734.864","","1.00388884544373","9.08300018310547","","88","","132","154","","","0.877519377432623","76.57","37","25","0","0","0","","","","","","16","6","6","32","1","0","","","","","",""
"Strength 1","Strength","Notes: Rest +- 45s in between sets WU - 8 X BODYWEIGHT SQUATS X 4 SETS SESSION: - Kettlebell Goblet Squats x 12 reps, 3 sets link > https://drive.google.com/file/d/1YwMRaqpG-qe57SucJg_QbsrqHe4lBhc1/view?usp=sharing - Kettlebell Knee Up x 10 each leg, 3 sets, link > https://drive.google.com/file/d/1qlJ8TlWH5u5_QNK0z0jsREm6cRq_8R7i/view?usp=sharing - Kettlebell Drop Lunge x 10 each leg, 3 sets, link > https://drive.google.com/file/d/1KPPE109Wjq7I3Wv3rb5S1mzjba3ddWQR/view?usp=sharing - Jump fwd Jump bckwd x 15, 4 sets, link > https://drive.google.com/file/d/1eQI_T5TFZLOjbymrtX0ZJqYwe6cJ94Ez/view?usp=sharing Core ( Do each exercise back to back then repeat for 3 sets ) - Alternating Toe Taps x 12, link > https://drive.google.com/file/d/1bFNnPkh6OGqNgtMSho1EVCTj3MIGBvod/view?usp=sharing - Leg Raises x 12, link > https://drive.google.com/file/d/1UZlOU6AJBs7FLaaQwVZZs7u3rN9wdZoC/view?usp=sharing-Reptiles x 12 - Reptiles x 12, link > https://drive.google.com/file/d/1SONVhbdREMiSQcEFmfIRmodqJf16alK6/view?usp=sharing","0.833333333333333","","2025-09-10","","","","","","","","","","","","","","","","","","","","","","","","","","","","","","","","","","","","","","",""
"Easy Effort Ride","Bike","","1.41666666666667","","2025-09-10","","45558.12890625","191","287","981.63","","1.42138886451721","8.90299987792969","","88","","131","160","","","0.807393905034658","92.27","64","23","1","0","0","","","","","","24","12","45","0","5","0","","","","","",""
"Easy Effort Ride","Bike","","1.41666666666667","","2025-09-11","","35108.94140625","180","311","686.6","","1.05944442749023","9.20499992370605","","88","","125","160","","","0.857926128326239","77.24","50","11","4","0","0","","","","","","38","5","5","2","14","0","","","","","",""
"Running","Run","","","","2025-09-12","","10051.2900390625","399","479","1112.386","","0.774111151695251","3.60700011253357","","164","","146","159","","","0.840827765363378","60.25","15","23","12","0","0","","","","","","0","0","0","0","0","46","","","","","2",""
"Trail Running","Run","","","","2025-09-13","","10362.2099609375","348","565","1266.84","","1.01054608821869","2.84800004959106","","161","","145","163","","","0.699125827888265","54.73","23","23","17","0","0","","","","","","2","1","2","8","10","39","","","","","",""
"Easy Effort Ride","Bike","","1","","2025-09-14","","","","","","","","","","","","","","","","","","","","","","","","","","","","","","","","","","","","","","",""
"Running","Run","","","","2025-09-14","","6794.97998046875","362","478","730.751","","0.559441685676575","3.37400007247925","","165","","131","147","","","0.615702846836494","23.14","29","5","0","0","0","","","","","","1","0","0","0","0","32","","","","","",""
"Easy Effort Ride","Bike","","1.5","","2025-09-16","","48123.80859375","195","263","1021.947","","1.45361113548279","9.19600009918213","","88","","132","153","","","0.842195611527035","102.32","50","40","0","0","0","","","","","","29","14","1","43","0","0","","","","","",""
"Easy Effort Ride","Bike","","1.25","","2025-09-17","","36672.8984375","183","303","816.446","","1.23777782917023","8.22999954223633","","87","","125","155","","","0.835368540968119","85.93","62","14","0","0","0","","","","","","37","15","0","13","9","0","","","","","",""
"Easy Effort Ride","Bike","","1.25","","2025-09-18","","42183.078125","194","314","888.656","","1.27111113071442","9.2180004119873","","87","","131","150","","","0.838007860735899","88.54","51","28","0","0","0","","","","","","22","14","29","1","10","0","","","","","",""
"Easy Effort Ride","Bike","","1.25","","2025-09-19","","","","","","","","","","","","","","","","","","","","","","","","","","","","","","","","","","","","","","",""
"Easy Effort Ride","Bike","","2","","2025-09-20","","62203.078125","177","511","1289.188","","2.01527786254883","8.57299995422363","","85","","125","149","","","0.75001545441799","112.74","117","5","0","0","0","","","","","","15","61","44","0","0","1","","","","","",""
"Easy Effort Ride","Bike","","2.5","","2025-09-21","","61843.0703125","181","313","1311.1","","2.00333333015442","8.57499980926514","","88","","129","156","","","0.799292744115283","127.69","97","24","1","0","0","","","","","","28","46","18","21","7","0","","","","","",""
"Easy Effort Ride","Bike","","1.25","","2025-09-22","","","","","","","","","","","","","","","","","","","","","","","","","","","","","","","","","","","","","","",""
"Easy Effort Ride","Bike","","1.5","","2025-09-23","","","","","","","","","","","","","","","","","","","","","","","","","","","","","","","","","","","","","","",""
"Easy Effort Ride","Bike","","1.25","","2025-09-24","","","","","","","","","","","","","","","","","","","","","","","","","","","","","","","","","","","","","","",""
"Easy Effort Ride","Bike","","1.5","","2025-09-25","","","","","","","","","","","","","","","","","","","","","","","","","","","","","","","","","","","","","","",""
"Easy Effort Ride","Bike","","1.25","","2025-09-26","","","","","","","","","","","","","","","","","","","","","","","","","","","","","","","","","","","","","","",""
"Easy Effort Ride","Bike","","2.25","","2025-09-27","","","","","","","","","","","","","","","","","","","","","","","","","","","","","","","","","","","","","","",""
"Easy Effort Ride","Bike","","2.75","","2025-09-28","","","","","","","","","","","","","","","","","","","","","","","","","","","","","","","","","","","","","","",""
"Trail Running","Run","","","","2025-09-29","","10022.240234375","340","568","1230.353","","1.00411951541901","2.77300000190735","","157","","149","166","","","0.726961969163745","58.78","18","18","27","0","0","","","","","","2","0","1","7","9","41","","","","","",""
"Easy Effort Ride","Bike","","1.5","","2025-09-30","","34308.48046875","194","446","703.494","","1.00499999523163","9.48200035095215","","85","","127","152","","","0.855014401598537","72.99","47","15","0","0","0","","","","","","18","8","13","16","2","3","","","","","",""
"Treadmill Running","Run","","","","2025-10-01","","11989.7900390625","354","393","1277.724","","1.00236392021179","3.32299995422363","","157","","148","166","","","0.774258989334107","66.58","7","48","9","0","0","","","","","","0","0","0","0","0","60","","","","","0",""
"Easy Effort Ride","Bike","","1.5","","2025-10-02","","","","","","","","","","","","","","","","","","","","","","","","","","","","","","","","","","","","","","",""
"Running","Run","","","","2025-10-03","","12462.7900390625","381","543","1379.821","","1.0055068731308","3.44300007820129","","163","","152","170","","","0.808219667760085","72.8","8","26","29","0","0","","","","","","0","0","0","0","1","59","","","","","3",""
"Easy Effort Ride","Bike","","2.5","","2025-10-04","","","","","","","","","","","","","","","","","","","","","","","","","","","","","","","","","","","","","","",""
"Easy Effort Ride","Bike","","3","","2025-10-05","","","","","","","","","","","","","","","","","","","","","","","","","","","","","","","","","","","","","","",""
"Easy Effort Ride","Bike","","1","","2025-10-06","","30765.169921875","198","606","722.274","","1.01250004768372","8.4399995803833","","90","","126","152","","","0.837334570255078","70.35","57","4","0","0","0","","","","","","8","17","18","16","1","1","","","","","",""
"Easy Effort Ride","Bike","","1.5","","2025-10-07","","47416.62109375","175","320","953.548","","1.50611114501953","8.74499988555908","","86","","123","152","","","0.824828690563496","101.88","67","26","0","0","0","","","","","","31","16","2","41","1","0","","","","","",""
"Easy Effort Ride","Bike","","1.25","","2025-10-08","","36352.640625","191","318","793.573","","1.1525000333786","8.76099967956543","","85","","124","154","","","0.902821897221066","93.56","55","16","0","0","0","","","","","","24","25","0","0","12","8","","","","","",""
"Walking","Walk","","","","2025-10-08","","2116.28002929688","","","","","0.389661133289337","1.50899994373322","","112","","77","97","","","0.527606115444163","11.75","23","0","0","0","0","","","","","","","","","","","","","","","","",""
"Running","Run","","","","2025-10-09","","4134.68017578125","376","458","453.719","","0.334091931581497","3.43799996376038","","162","","142","154","","","0.787375034632451","22.35","9","12","0","0","0","","","","","","0","0","0","0","0","20","","","","","2",""
"Easy Effort Ride","Bike","","1.5","","2025-10-10","","47053.23046875","191","292","981.809","","1.42083334922791","9.19900035858154","","85","","128","148","","","0.807583065103926","92.35","78","11","0","0","0","","","","","","23","12","45","0","5","0","","","","","",""
"Easy Effort Ride","Bike","","1","","2025-10-11","","33585.91015625","197","321","713.514","","1.00416672229767","9.28999996185303","","84","","124","146","","","0.836369288435867","69.68","59","3","0","0","0","","","","","","0","41","5","7","6","1","","","","","",""
"Easy Effort Ride","Bike","","2","","2025-10-12","","","","","","","","","","","","","","","","","","","","","","","","","","","","","","","","","","","","","","",""
"Running","Run","","","","2025-10-13","","6316.7001953125","359","435","686.823","","0.530329465866089","3.30900001525879","","163","","130","146","","","0.766099659119759","33.93","30","2","0","0","0","","","","","","0","0","0","0","0","32","","","","","2",""
"Easy Effort Ride","Bike","","1.5","","2025-10-14","","43425.26171875","175","253","864.598","","1.37083327770233","8.79899978637695","","87","","123","142","","","0.75649877532177","78.02","82","0","0","0","0","","","","","","39","5","34","4","0","0","","","","","",""
"Easy Effort Ride","Bike","","1","","2025-10-15","","32557.779296875","188","673","680.716","","1.00388884544373","9.00800037384033","","86","","127","147","","","0.830045748753867","68.48","44","18","0","0","0","","","","","","25","4","6","25","0","1","","","","","",""
"Easy Effort Ride","Bike","","1.5","","2025-10-16","","46368.19921875","176","335","955.244","","1.50388884544373","8.56400012969971","","88","","126","154","","","0.76163273747215","86.68","79","13","0","0","0","","","","","","28","36","11","12","1","2","","","","","",""
"Easy Effort Ride","Bike","","1","","2025-10-17","","","","","","","","","","","","","","","","","","","","","","","","","","","","","","","","","","","","","","",""
"Strength","Strength","","0.5","","2025-10-18","","","","","","","","","","","","","","","","","","","","","","","","","","","","","","","","","","","","","","",""
"Zwift - Bricolage on Scotland Smash in Scotland","Bike","","","","2025-10-18","","62372.80859375","181","319","1311.857","","2.00333333015442","8.64799976348877","","89","","133","160","","","0.799580450342116","127.74","84","32","8","0","0","","","","","","28","46","18","21","7","0","","","","","",""
"","Walk","","0.5","","2025-10-19","","","","","","","","","","","","","","","","","","","","","","","","","","","","","","","","","","","","","","",""
"Strength","Strength","","0.5","","2025-10-19","","","","","","","","","","","","","","","","","","","","","","","","","","","","","","","","","","","","","","",""
"Running","Run","","","","2025-10-20","","4163.7001953125","389","505","468.383","","0.333616107702255","3.46700000762939","","163","","145","155","","","0.806739200257463","23.42","6","14","2","0","0","","","","","","0","0","0","0","0","20","","","","","2",""
"Running","Run","","","","2025-10-21","","7696.68994140625","384","488","856.595","","0.618972480297089","3.4539999961853","","165","","145","161","","","0.808806816414374","44.31","17","16","8","0","0","","","","","","0","0","0","0","0","37","","","","","",""
"Trail Running","Run","","","","2025-10-22","","8031.39990234375","332","521","978.742","","0.818303346633911","2.7260000705719","","157","","148","167","","","0.722305577850496","47.04","17","11","23","0","0","","","","","","2","1","2","10","6","28","","","","","",""
"Trail Running","Run","","","","2025-10-23","","10467.0703125","346","530","1249.703","","1.00194251537323","2.90199995040894","","165","","147","166","","","0.708590003833956","55.72","20","22","20","0","0","","","","","","0","0","2","12","6","40","","","","","",""
"Strength","Strength","","0.5","","2025-10-24","","","","","","","","","","","","","","","","","","","","","","","","","","","","","","","","","","","","","","",""
"Easy Effort Ride","Bike","","1.5","","2025-10-24","","","","","","","","","","","","","","","","","","","","","","","","","","","","","","","","","","","","","","",""
"Recovery Trail Run","Run","Recovery runs are very easy effort runs that are noticeably slower than your other runs. They are intended to enhance recovery, stimulate blood flow and prepare you for your next work out. Going too hard on these runs increases the risk of injury and means you will not be able to get the most out of your hard sessions to come. Keep the easy days easy so you can run the hard days hard.","1","","2025-10-25","","","","","","","","","","","","","","","","","","","","","","","","","","","","","","","","","","","","","","",""
"Recovery Trail Run","Run","Recovery runs are very easy effort runs that are noticeably slower than your other runs. They are intended to enhance recovery, stimulate blood flow and prepare you for your next work out. Going too hard on these runs increases the risk of injury and means you will not be able to get the most out of your hard sessions to come. Keep the easy days easy so you can run the hard days hard.","1","","2025-10-28","","11014.8603515625","364","571","1320.042","","1.00532639026642","3.04299998283386","","162","","152","170","","","0.749362582805775","62.54","12","18","32","1","0","","","","","","0","0","1","8","8","43","","","","","",""
"Rest Day","Day Off","Allows you to recover and promotes adaptation to the training load and stresses. It also helps prevent fatigue and keeps you injury free. Focus on: nutrition, sleep, feet up!","","","2025-10-29","","","","","","","","","","","","","","","","","","","","","","","","","","","","","","","","","","","","","","",""
"Recovery Trail Run","Run","Recovery runs are very easy effort runs that are noticeably slower than your other runs. They are intended to enhance recovery, stimulate blood flow and prepare you for your next work out. Going too hard on these runs increases the risk of injury and means you will not be able to get the most out of your hard sessions to come. Keep the easy days easy so you can run the hard days hard.","1","","2025-10-29","","10011.7900390625","355","590","1239.289","","0.969159483909607","2.86999988555908","","160","","150","167","","","0.7301256638362","57.19","14","21","26","0","0","","","","","","2","1","1","6","8","40","","","","","",""
"Recovery Trail Run","Run","Recovery runs are very easy effort runs that are noticeably slower than your other runs. They are intended to enhance recovery, stimulate blood flow and prepare you for your next work out. Going too hard on these runs increases the risk of injury and means you will not be able to get the most out of your hard sessions to come. Keep the easy days easy so you can run the hard days hard.","1","","2025-10-31","","10359.48046875","346","577","1249.871","","1.00145304203033","2.87299990653992","","158","","148","168","","","0.720936951622575","57.69","17","25","22","0","0","","","","","","2","1","1","8","7","41","","","","","",""
"Easy Effort Trail Run + 10 x 10 sec Strides (30 rest between)","Run","Easy effort runs are the bread and butter of your training. They are harder than recovery runs, but easier than threshold and are intended to boost your overall aerobic endurance by increasing the volume of your training safely. You should be able to do a hard session the next day, if not - you're running these too hard. Strides are shorts sprints at 90% effort, not flat out, to improve leg turnover. Run these on a flat surface, road or grass.","1.61111111111111","","2025-11-01","","11251.75","346","585","1360.744","","1.08983361721039","2.86800003051758","","163","","146","165","","","0.704183345132843","60.01","23","28","19","0","0","","","","","","2","0","2","7","10","43","","","","","",""
"Rest Day","Day Off","Allows you to recover and promotes adaptation to the training load and stresses. It also helps prevent fatigue and keeps you injury free. Focus on: nutrition, sleep, feet up!","","","2025-11-02","","","","","","","","","","","","","","","","","","","","","","","","","","","","","","","","","","","","","","",""
"Recovery Trail Run","Run","Recovery runs are very easy effort runs that are noticeably slower than your other runs. They are intended to enhance recovery, stimulate blood flow and prepare you for your next work out. Going too hard on these runs increases the risk of injury and means you will not be able to get the most out of your hard sessions to come. Keep the easy days easy so you can run the hard days hard.","1","","2025-11-02","","11215.1904296875","353","556","1334.656","","1.04787337779999","2.97300004959106","","164","","139","157","","","0.651969140636853","49.38","36","28","1","0","0","","","","","","1","0","2","7","9","44","","","","","3","5"
"Easy Effort Ride","Bike","","1","","2025-11-03","","31684.140625","171","333","621.698","","1.00499999523163","8.75699996948242","","86","","121","141","","","0.718343140487272","51.36","60","0","0","0","0","","","","","","11","42","5","0","1","1","","","","","",""
"Easy Effort Trail Run","Run","Easy effort runs are the bread and butter of your training. They are harder than recovery runs, but easier than threshold and are intended to boost your overall aerobic endurance by increasing the volume of your training safely. You should be able to do a hard session the next day, if not - you're running these too hard.","1","","2025-11-04","","11209.8896484375","341","569","1374.183","","1.11890304088593","2.78299999237061","","161","","144","163","","","0.690546706226027","59.29","26","31","14","0","0","","","","","","2","1","2","5","11","46","","","","","3","5"
"Easy Effort Trail Run + 10 x 10 sec Strides (30 rest between)","Run","Easy effort runs are the bread and butter of your training. They are harder than recovery runs, but easier than threshold and are intended to boost your overall aerobic endurance by increasing the volume of your training safely. You should be able to do a hard session the next day, if not - you're running these too hard. Strides are shorts sprints at 90% effort, not flat out, to improve leg turnover. Run these on a flat surface, road or grass.","1.11111111111111","","2025-11-05","","12182.7197265625","358","394","1289.151","","1.00057888031006","3.38199996948242","","162","","150","164","","","0.788005992889404","68.83","5","37","22","0","0","","","","","","0","0","0","0","0","60","","","","","4","5"
"Easy Effort Trail Run + 10 x 10 sec Strides (30 rest between)","Run","Easy effort runs are the bread and butter of your training. They are harder than recovery runs, but easier than threshold and are intended to boost your overall aerobic endurance by increasing the volume of your training safely. You should be able to do a hard session the next day, if not - you're running these too hard. Strides are shorts sprints at 90% effort, not flat out, to improve leg turnover. Run these on a flat surface, road or grass.","1.11111111111111","","2025-11-06","","11284.599609375","344","554","1384.023","","1.11804831027985","2.80399990081787","","163","","144","160","","","0.686827023153919","58.59","28","32","12","0","0","","","","","","1","2","1","6","11","47","","","","","3","7"
"Easy Effort Ride","Bike","","1","","2025-11-07","","32905.4296875","184","463","667.305","","1.00361108779907","9.10700035095215","","89","","133","151","","","0.781819755638535","60.78","44","19","0","0","0","","","","","","18","7","35","0","0","1","","","","","",""
"Long Trail Run (Vert Focus)","Run","Look for long, sustained climbs with significant vertical gain where possible. (i.e. platteklip, devils peak, Newlands Ravine, nursery ravine, Constania Nek, Constantiaberg, etc.) Ideally >500m+ or as much vertical gain per kilometre as the event you are training for e.g. UTCT 55km has 49m+ per km so in a 20km long run you want to get ±980m+","1.5","","2025-11-08","","15774.2998046875","322","563","1857.655","","1.60294246673584","2.73399996757507","","156","","141","171","","","0.660760889694283","78.44","52","39","11","0","0","","","","","","2","1","5","15","19","54","","","","","3","5"
"Rest Day","Day Off","Allows you to recover and promotes adaptation to the training load and stresses. It also helps prevent fatigue and keeps you injury free. Focus on: nutrition, sleep, feet up!","","","2025-11-09","","","","","","","","","","","","","","","","","","","","","","","","","","","","","","","","","","","","","","",""
"Strength 1","Strength","Notes: Rest +- 45s in between sets WU - 8 X BODYWEIGHT SQUATS X 4 SETS SESSION: - Kettlebell Goblet Squats x 12 reps, 3 sets link > https://drive.google.com/file/d/1YwMRaqpG-qe57SucJg_QbsrqHe4lBhc1/view?usp=sharing - Kettlebell Knee Up x 10 each leg, 3 sets, link > https://drive.google.com/file/d/1qlJ8TlWH5u5_QNK0z0jsREm6cRq_8R7i/view?usp=sharing - Kettlebell Drop Lunge x 10 each leg, 3 sets, link > https://drive.google.com/file/d/1KPPE109Wjq7I3Wv3rb5S1mzjba3ddWQR/view?usp=sharing - Jump fwd Jump bckwd x 15, 4 sets, link > https://drive.google.com/file/d/1eQI_T5TFZLOjbymrtX0ZJqYwe6cJ94Ez/view?usp=sharing Core ( Do each exercise back to back then repeat for 3 sets ) - Alternating Toe Taps x 12, link > https://drive.google.com/file/d/1bFNnPkh6OGqNgtMSho1EVCTj3MIGBvod/view?usp=sharing - Leg Raises x 12, link > https://drive.google.com/file/d/1UZlOU6AJBs7FLaaQwVZZs7u3rN9wdZoC/view?usp=sharing-Reptiles x 12 - Reptiles x 12, link > https://drive.google.com/file/d/1SONVhbdREMiSQcEFmfIRmodqJf16alK6/view?usp=sharing","0.833333333333333","","2025-11-10","","0","","","","","0.886938631534576","0","","","","95","131","","","0.562469090329358","30.99","53","0","0","0","0","","","","","","","","","","","","","","","","",""
"Easy Effort Trail Run + 10 x 10 sec Strides (30 rest between)","Run","Easy effort runs are the bread and butter of your training. They are harder than recovery runs, but easier than threshold and are intended to boost your overall aerobic endurance by increasing the volume of your training safely. You should be able to do a hard session the next day, if not - you're running these too hard. Strides are shorts sprints at 90% effort, not flat out, to improve leg turnover. Run these on a flat surface, road or grass.","1.11111111111111","","2025-11-11","","11320.9404296875","340","558","1367.992","","1.11741697788239","2.81399989128113","","162","","147","163","","","0.713147465969834","63.12","19","32","21","0","0","","","","","","1","1","4","7","8","45","","","","","4","5"
"Easy Effort Trail Run","Run","Easy effort runs are the bread and butter of your training. They are harder than recovery runs, but easier than threshold and are intended to boost your overall aerobic endurance by increasing the volume of your training safely. You should be able to do a hard session the next day, if not - you're running these too hard.","1","","2025-11-13","","10546.83984375","357","596","1290.062","","1.00194919109344","2.92400002479553","","162","","150","168","","","0.730393012720893","59.22","14","24","26","0","0","","","","","","0","0","1","6","8","44","","","","","",""
"Easy Effort Ride","Bike","","1","","2025-11-14","","","","","","","","","","","","","","","","","","","","","","","","","","","","","","","","","","","","","","",""
"Easy Effort Trail Run","Run","Easy effort runs are the bread and butter of your training. They are harder than recovery runs, but easier than threshold and are intended to boost your overall aerobic endurance by increasing the volume of your training safely. You should be able to do a hard session the next day, if not - you're running these too hard.","1.16666666666667","","2025-11-14","","4505.5400390625","296","506","534.306","","0.500664710998535","2.5","","149","","143","158","","","0.686710353682677","25.71","13","15","4","0","0","","","","","","1","0","3","9","3","13","","","","","",""
"Long Trail Run (Vert Focus)","Run","Look for long, sustained climbs with significant vertical gain where possible. (i.e. platteklip, devils peak, Newlands Ravine, nursery ravine, Constania Nek, Constantiaberg, etc.) Ideally >500m+ or as much vertical gain per kilometre as the event you are training for e.g. UTCT 55km has 49m+ per km so in a 20km long run you want to get ±980m+","2","","2025-11-15","","","","","","","","","","","","","","","","","","","","","","","","","","","","","","","","","","","","","","",""
"Easy Effort Ride","Bike","","1","","2025-11-16","","","","","","","","","","","","","","","","","","","","","","","","","","","","","","","","","","","","","","",""
"Trail Running","Run","","","","2025-11-16","","11205.490234375","343","560","1369.589","","1.10727250576019","2.81100010871887","","160","","139","157","","","0.65856794666746","53.35","35","31","4","0","0","","","","","","2","1","2","6","10","46","","","","","",""
"Easy Effort Trail Run + 10 x 10 sec Strides (30 rest between)","Run","Easy effort runs are the bread and butter of your training. They are harder than recovery runs, but easier than threshold and are intended to boost your overall aerobic endurance by increasing the volume of your training safely. You should be able to do a hard session the next day, if not - you're running these too hard. Strides are shorts sprints at 90% effort, not flat out, to improve leg turnover. Run these on a flat surface, road or grass.","1.11111111111111","","2025-11-18","","11446.990234375","345","596","1381.727","","1.11239588260651","2.85800004005432","","164","","144","161","","","0.691768097578599","59.13","27","27","16","0","0","","","","","","2","1","2","8","10","44","","","","","2","5"
"Easy Effort Trail Run","Run","Easy effort runs are the bread and butter of your training. They are harder than recovery runs, but easier than threshold and are intended to boost your overall aerobic endurance by increasing the volume of your training safely. You should be able to do a hard session the next day, if not - you're running these too hard.","1","","2025-11-18","","8166.60009765625","307","602","1004.453","","0.906538069248199","2.50200009346008","","151","","142","169","","","0.688223985468233","47.46","26","17","12","0","0","","","","","","3","2","4","7","8","30","","","","","2","5"
"Easy Effort Ride","Bike","","1","","2025-11-19","","31351.44921875","184","481","666.356","","1.00416672229767","8.67199993133545","","87","","122","142","","","0.781367983662471","60.76","60","0","0","0","0","","","","","","18","7","35","0","0","1","","","","","",""
"Strength 2","Strength","Notes: Rest 45s between sets. Men - 12kg Kettlebell, Ladies - 8kg Kettlebell WU - 10 x bodyweight squats x 4 sets. Session: - Kettlebell Single Leg Deadlift x 8 reps each leg, 3 sets link - https://drive.google.com/file/d/1R6-yEaqhnGW_AkAqyEoFDDa_ZX-fQ8I2/view?usp=sharing - Kettlebell Bulgarian Split Squat x 8 reps each leg, 3 sets link -https://drive.google.com/file/d/1pq_dbAwyswDAavCYOZC4SUb_5IKkmJOf/view?usp=sharing- Single Leg Step Up (bodyweight) x 10 reps each leg, 3 sets link - https://drive.google.com/file/d/1-rM6F9vcy2Gt_fVVJviv76PGaNHQN8Ee/view?usp=sharing- Alternating Jump Lunges (bodyweight) x 12 reps, 3 sets link - https://drive.google.com/file/d/1hVbWq8AdUjRfV-8vgV3pzKpKMjgRFCRk/view?usp=sharing- Side Bridge Glute Hip Abductions (bodyweight) x 15 reps each leg, 3 sets. link - https://drive.google.com/file/d/1J4AS8GYEkYkq0z5OE5N1vxoa-gjEVc0B/view?usp=sharing Core ( Do each exercise back to back, then repeat for 3 sets): - Alternating toe taps x 12 - https://drive.google.com/file/d/1bFNnPkh6OGqNgtMSho1EVCTj3MIGBvod/view?usp=sharing - Leg Raises x 12 - https://drive.google.com/file/d/1UZlOU6AJBs7FLaaQwVZZs7u3rN9wdZoC/view?usp=sharing- Reptiles x 12 -https://drive.google.com/file/d/1SONVhbdREMiSQcEFmfIRmodqJf16alK6/view?usp=sharing","0.833333333333333","","2025-11-20","","","","","","","","","","","","","","","","","","","","","","","","","","","","","","","","","","","","","","",""
"Easy Effort Trail Run","Run","Easy effort runs are the bread and butter of your training. They are harder than recovery runs, but easier than threshold and are intended to boost your overall aerobic endurance by increasing the volume of your training safely. You should be able to do a hard session the next day, if not - you're running these too hard.","1.33333333333333","","2025-11-21","","14405.5302734375","358","540","1720.532","","1.33372807502747","3","","162","","149","167","","","0.716863476414319","76.47","24","30","30","0","0","","","","","","1","1","2","8","9","59","","","","","3","5"
"Long Trail Run (Vert Focus)","Run","Look for long, sustained climbs with significant vertical gain where possible. (i.e. platteklip, devils peak, Newlands Ravine, nursery ravine, Constania Nek, Constantiaberg, etc.) Ideally >500m+ or as much vertical gain per kilometre as the event you are training for e.g. UTCT 55km has 49m+ per km so in a 20km long run you want to get ±980m+","2","","2025-11-22","","","","","","","","","","","","","","","","","","","","","","","","","","","","","","","","","","","","","","",""
"Easy Effort Trail Run","Run","Easy effort runs are the bread and butter of your training. They are harder than recovery runs, but easier than threshold and are intended to boost your overall aerobic endurance by increasing the volume of your training safely. You should be able to do a hard session the next day, if not - you're running these too hard.","1","","2025-11-23","","","","","","","","","","","","","","","","","","","","","","","","","","","","","","","","","","","","","","",""
"Strength 3","Strength","Notes: Rest 45s between sets. Men - 12kg Kettlebell, Ladies - 8kg Kettlebell WU - 10 x bodyweight squats x 4 sets. Session: - Alternating Reverse Lunges x 12 reps, 3 sets, link > https://drive.google.com/file/d/12oC3cUsm51ll0yYW5kuIluL5IX6BOfm-/view?usp=sharing - Alternating Curtsy lunges, 16 reps, 3 sets, link > https://drive.google.com/file/d/1-RhnkDRK9Do3xHbqMHuE4Wt4vBc_1M_z/view?usp=sharing - Plyo Knee Ups, 6 reps each leg, 3 sets, link > https://drive.google.com/file/d/15PCkRTTjU81HvjjmeFDOTFemFPj_ci37/view?usp=sharing - Fire Hydrants, 20 reps each leg, 3 sets, link > https://drive.google.com/file/d/1d8GEubxI0eKN7oe5rf0quRCN5KUpCt9N/view?usp=sharing - Hip Thrusters, 15 reps, 3 sets, link > https://drive.google.com/file/d/19JEVVURfDyuxVL_e0ppNeaHGXFICOLnU/view?usp=sharing - Side Bridge Glute Hip Abductions x 15 reps each leg, 3 sets. link > https://drive.google.com/file/d/1J4AS8GYEkYkq0z5OE5N1vxoa-gjEVc0B/view?usp=sharing - Kettlebell Bulgarian Split Squat x 8 reps each leg, 3 sets link https://drive.google.com/file/d/1pq_dbAwyswDAavCYOZC4SUb_5IKkmJOf/view?usp=sharing- Core ( Do each exercise back to back, then repeat for 3 sets): - Alternating toe taps x 12 - https://drive.google.com/file/d/1bFNnPkh6OGqNgtMSho1EVCTj3MIGBvod/view?usp=sharing - Leg Raises x 12 - https://drive.google.com/file/d/1UZlOU6AJBs7FLaaQwVZZs7u3rN9wdZoC/view?usp=sharing- Reptiles x 12 -https://drive.google.com/file/d/1SONVhbdREMiSQcEFmfIRmodqJf16alK6/view?usp=sharing","0.833333333333333","","2025-11-24","","","","","","","","","","","","","","","","","","","","","","","","","","","","","","","","","","","","","","",""
"Easy Effort Trail Run + 10 x 10 sec Strides (30 rest between)","Run","Easy effort runs are the bread and butter of your training. They are harder than recovery runs, but easier than threshold and are intended to boost your overall aerobic endurance by increasing the volume of your training safely. You should be able to do a hard session the next day, if not - you're running these too hard. Strides are shorts sprints at 90% effort, not flat out, to improve leg turnover. Run these on a flat surface, road or grass.","1.11111111111111","","2025-11-25","","","","","","","","","","","","","","","","","","","","","","","","","","","","","","","","","","","","","","",""
"Easy Effort Trail Run","Run","Easy effort runs are the bread and butter of your training. They are harder than recovery runs, but easier than threshold and are intended to boost your overall aerobic endurance by increasing the volume of your training safely. You should be able to do a hard session the next day, if not - you're running these too hard.","1.5","","2025-11-26","","","","","","","","","","","","","","","","","","","","","","","","","","","","","","","","","","","","","","",""
"Easy Effort Trail Run","Run","Easy effort runs are the bread and butter of your training. They are harder than recovery runs, but easier than threshold and are intended to boost your overall aerobic endurance by increasing the volume of your training safely. You should be able to do a hard session the next day, if not - you're running these too hard.","1","","2025-11-27","","","","","","","","","","","","","","","","","","","","","","","","","","","","","","","","","","","","","","",""
"Easy Effort Ride","Bike","","1","","2025-11-28","","","","","","","","","","","","","","","","","","","","","","","","","","","","","","","","","","","","","","",""
"Long Trail Run (Vert Focus)","Run","Look for long, sustained climbs with significant vertical gain where possible. (i.e. platteklip, devils peak, Newlands Ravine, nursery ravine, Constania Nek, Constantiaberg, etc.) Ideally >500m+ or as much vertical gain per kilometre as the event you are training for e.g. UTCT 55km has 49m+ per km so in a 20km long run you want to get ±980m+","2.5","","2025-11-29","","","","","","","","","","","","","","","","","","","","","","","","","","","","","","","","","","","","","","",""
"Easy Effort Ride","Bike","","1","","2025-11-30","","","","","","","","","","","","","","","","","","","","","","","","","","","","","","","","","","","","","","",""
"Strength 3","Strength","Notes: Rest 45s between sets. Men - 12kg Kettlebell, Ladies - 8kg Kettlebell WU - 10 x bodyweight squats x 4 sets. Session: - Alternating Reverse Lunges x 12 reps, 3 sets, link > https://drive.google.com/file/d/12oC3cUsm51ll0yYW5kuIluL5IX6BOfm-/view?usp=sharing - Alternating Curtsy lunges, 16 reps, 3 sets, link > https://drive.google.com/file/d/1-RhnkDRK9Do3xHbqMHuE4Wt4vBc_1M_z/view?usp=sharing - Plyo Knee Ups, 6 reps each leg, 3 sets, link > https://drive.google.com/file/d/15PCkRTTjU81HvjjmeFDOTFemFPj_ci37/view?usp=sharing - Fire Hydrants, 20 reps each leg, 3 sets, link > https://drive.google.com/file/d/1d8GEubxI0eKN7oe5rf0quRCN5KUpCt9N/view?usp=sharing - Hip Thrusters, 15 reps, 3 sets, link > https://drive.google.com/file/d/19JEVVURfDyuxVL_e0ppNeaHGXFICOLnU/view?usp=sharing - Side Bridge Glute Hip Abductions x 15 reps each leg, 3 sets. link > https://drive.google.com/file/d/1J4AS8GYEkYkq0z5OE5N1vxoa-gjEVc0B/view?usp=sharing - Kettlebell Bulgarian Split Squat x 8 reps each leg, 3 sets link https://drive.google.com/file/d/1pq_dbAwyswDAavCYOZC4SUb_5IKkmJOf/view?usp=sharing- Core ( Do each exercise back to back, then repeat for 3 sets): - Alternating toe taps x 12 - https://drive.google.com/file/d/1bFNnPkh6OGqNgtMSho1EVCTj3MIGBvod/view?usp=sharing - Leg Raises x 12 - https://drive.google.com/file/d/1UZlOU6AJBs7FLaaQwVZZs7u3rN9wdZoC/view?usp=sharing- Reptiles x 12 -https://drive.google.com/file/d/1SONVhbdREMiSQcEFmfIRmodqJf16alK6/view?usp=sharing","0.833333333333333","","2025-12-01","","","","","","","","","","","","","","","","","","","","","","","","","","","","","","","","","","","","","","",""
"Easy Effort Trail Run + 10 x 10 sec Strides (30 rest between)","Run","Easy effort runs are the bread and butter of your training. They are harder than recovery runs, but easier than threshold and are intended to boost your overall aerobic endurance by increasing the volume of your training safely. You should be able to do a hard session the next day, if not - you're running these too hard. Strides are shorts sprints at 90% effort, not flat out, to improve leg turnover. Run these on a flat surface, road or grass.","1.11111111111111","","2025-12-02","","","","","","","","","","","","","","","","","","","","","","","","","","","","","","","","","","","","","","",""
"Easy Effort Trail Run","Run","Easy effort runs are the bread and butter of your training. They are harder than recovery runs, but easier than threshold and are intended to boost your overall aerobic endurance by increasing the volume of your training safely. You should be able to do a hard session the next day, if not - you're running these too hard.","1.66666666666667","19828.888671875","2025-12-03","","","","","","","","","","","","","","","","","","","","","","","","","","","","","","","","","","","","","","",""
"Easy Effort Trail Run","Run","Easy effort runs are the bread and butter of your training. They are harder than recovery runs, but easier than threshold and are intended to boost your overall aerobic endurance by increasing the volume of your training safely. You should be able to do a hard session the next day, if not - you're running these too hard.","1","","2025-12-04","","","","","","","","","","","","","","","","","","","","","","","","","","","","","","","","","","","","","","",""
"Easy Effort Ride","Bike","","1","","2025-12-05","","","","","","","","","","","","","","","","","","","","","","","","","","","","","","","","","","","","","","",""
"Long Trail Run (Vert Focus)","Run","Look for long, sustained climbs with significant vertical gain where possible. (i.e. platteklip, devils peak, Newlands Ravine, nursery ravine, Constania Nek, Constantiaberg, etc.) Ideally >500m+ or as much vertical gain per kilometre as the event you are training for e.g. UTCT 55km has 49m+ per km so in a 20km long run you want to get ±980m+","3","35690.3984375","2025-12-06","","","","","","","","","","","","","","","","","","","","","","","","","","","","","","","","","","","","","","",""
"Easy Effort Ride","Bike","","1","","2025-12-07","","","","","","","","","","","","","","","","","","","","","","","","","","","","","","","","","","","","","","",""
"Easy Effort Trail Run","Run","Easy effort runs are the bread and butter of your training. They are harder than recovery runs, but easier than threshold and are intended to boost your overall aerobic endurance by increasing the volume of your training safely. You should be able to do a hard session the next day, if not - you're running these too hard.","0.75","","2025-12-08","","8007.509765625","331","620","966.118","","0.808839976787567","2.75","","159","","138","152","","","0.643487726826432","36.9","31","21","0","0","0","","","","","","0","0","2","8","8","30","","","","","",""
"Rest Day","Day Off","Allows you to recover and promotes adaptation to the training load and stresses. It also helps prevent fatigue and keeps you injury free. Focus on: nutrition, sleep, feet up!","","","2025-12-09","","","","","","","","","","","","","","","","","","","","","","","","","","","","","","","","","","","","","","",""
"Easy Effort Trail Run + 10 x 10 sec Strides (30 rest between)","Run","Easy effort runs are the bread and butter of your training. They are harder than recovery runs, but easier than threshold and are intended to boost your overall aerobic endurance by increasing the volume of your training safely. You should be able to do a hard session the next day, if not - you're running these too hard. Strides are shorts sprints at 90% effort, not flat out, to improve leg turnover. Run these on a flat surface, road or grass.","1.11111111111111","","2025-12-10","","11234.3896484375","333","566","1364.422","","1.13805449008942","2.74200010299683","","160","","148","168","","","0.709019013842896","63.6","17","41","16","0","0","","","","","","2","1","2","7","13","43","","","","","4","5"
"Easy Effort Trail Run","Run","Easy effort runs are the bread and butter of your training. They are harder than recovery runs, but easier than threshold and are intended to boost your overall aerobic endurance by increasing the volume of your training safely. You should be able to do a hard session the next day, if not - you're running these too hard.","1","","2025-12-11","","10436.26953125","330","557","1260.893","","1.06162583827972","2.73099994659424","","161","","145","165","","","0.697273030783718","57.22","21","33","13","0","0","","","","","","2","1","2","10","10","39","","","","","3","5"
"Easy Effort Trail Run","Run","Easy effort runs are the bread and butter of your training. They are harder than recovery runs, but easier than threshold and are intended to boost your overall aerobic endurance by increasing the volume of your training safely. You should be able to do a hard session the next day, if not - you're running these too hard.","1","","2025-12-12","","","","","","","1","","","","","","","","","0.77","60","","","","","","","","","","","","","","","","","","","","","",""
"Long Trail Run (Vert Focus)","Run","Look for long, sustained climbs with significant vertical gain where possible. (i.e. platteklip, devils peak, Newlands Ravine, nursery ravine, Constania Nek, Constantiaberg, etc.) Ideally >500m+ or as much vertical gain per kilometre as the event you are training for e.g. UTCT 55km has 49m+ per km so in a 20km long run you want to get ±980m+","2","","2025-12-13","","11236.1396484375","338","572","1355.561","","1.11169588565826","2.80800008773804","","162","","148","164","","","0.716270751028599","63.33","18","31","23","0","0","","","","","","2","0","2","9","10","44","","","","","",""
"Easy Effort Trail Run","Run","Easy effort runs are the bread and butter of your training. They are harder than recovery runs, but easier than threshold and are intended to boost your overall aerobic endurance by increasing the volume of your training safely. You should be able to do a hard session the next day, if not - you're running these too hard.","1","","2025-12-14","","","","","","","","","","","","","","","","","","","","","","","","","","","","","","","","","","","","","","",""
"Easy Effort Trail Run + 10 x 10 sec Strides (30 rest between)","Run","Easy effort runs are the bread and butter of your training. They are harder than recovery runs, but easier than threshold and are intended to boost your overall aerobic endurance by increasing the volume of your training safely. You should be able to do a hard session the next day, if not - you're running these too hard. Strides are shorts sprints at 90% effort, not flat out, to improve leg turnover. Run these on a flat surface, road or grass.","1.11111111111111","","2025-12-15","","10349.33984375","318","556","1230.481","","1.07389807701111","2.67700004577637","","150","","148","165","","","0.713048162782842","60.59","16","35","18","0","0","","","","","","2","2","3","9","15","34","","","","","2","5"
"Easy Effort Trail Run + 10 x 10 sec Strides (30 rest between)","Run","Easy effort runs are the bread and butter of your training. They are harder than recovery runs, but easier than threshold and are intended to boost your overall aerobic endurance by increasing the volume of your training safely. You should be able to do a hard session the next day, if not - you're running these too hard. Strides are shorts sprints at 90% effort, not flat out, to improve leg turnover. Run these on a flat surface, road or grass.","1.11111111111111","","2025-12-16","","15253.08984375","252","477","2012.023","","2.21351099014282","1.91400003433228","","139","","150","165","","","0.724730346475503","131.36","32","49","60","0","0","","","","","","20","16","9","26","19","43","","","","","",""
"Easy Effort Trail Run","Run","Easy effort runs are the bread and butter of your training. They are harder than recovery runs, but easier than threshold and are intended to boost your overall aerobic endurance by increasing the volume of your training safely. You should be able to do a hard session the next day, if not - you're running these too hard.","1","","2025-12-17","","","","","","","","","","","","","","","","","","","","","","","","","","","","","","","","","","","","","","",""
"Easy Effort Trail Run","Run","Easy effort runs are the bread and butter of your training. They are harder than recovery runs, but easier than threshold and are intended to boost your overall aerobic endurance by increasing the volume of your training safely. You should be able to do a hard session the next day, if not - you're running these too hard.","1","","2025-12-18","","10351.849609375","335","590","1253.556","","1.03756833076477","2.77099990844727","","159","","156","171","","","0.778396342778185","69.7","4","19","41","2","0","","","","","","1","1","2","8","10","40","","","","","3","9"
"Easy Effort Trail Run","Run","Easy effort runs are the bread and butter of your training. They are harder than recovery runs, but easier than threshold and are intended to boost your overall aerobic endurance by increasing the volume of your training safely. You should be able to do a hard session the next day, if not - you're running these too hard.","1","","2025-12-19","","","","","","","","","","","","","","","","","","","","","","","","","","","","","","","","","","","","","","",""
"Long Trail Run (Vert Focus)","Run","Look for long, sustained climbs with significant vertical gain where possible. (i.e. platteklip, devils peak, Newlands Ravine, nursery ravine, Constania Nek, Constantiaberg, etc.) Ideally >500m+ or as much vertical gain per kilometre as the event you are training for e.g. UTCT 55km has 49m+ per km so in a 20km long run you want to get ±980m+","2","","2025-12-20","","18160.8203125","311","572","2284.159","","2.03998279571533","2.47300004959106","","152","","156","173","","","0.764330537895316","134.42","14","33","79","4","0","","","","","","12","3","5","15","21","65","","","","","3","5"
"Easy Effort Trail Run","Run","Easy effort runs are the bread and butter of your training. They are harder than recovery runs, but easier than threshold and are intended to boost your overall aerobic endurance by increasing the volume of your training safely. You should be able to do a hard session the next day, if not - you're running these too hard.","1","","2025-12-21","","","","","","","","","","","","","","","","","","","","","","","","","","","","","","","","","","","","","","",""
"Easy Effort Trail Run + 10 x 10 sec Strides (30 rest between)","Run","Easy effort runs are the bread and butter of your training. They are harder than recovery runs, but easier than threshold and are intended to boost your overall aerobic endurance by increasing the volume of your training safely. You should be able to do a hard session the next day, if not - you're running these too hard. Strides are shorts sprints at 90% effort, not flat out, to improve leg turnover. Run these on a flat surface, road or grass.","1.11111111111111","","2025-12-22","","12840.16015625","383","530","1447.08","","1.04838299751282","3.40199995040894","","165","","141","161","","","0.786204097299801","71.87","34","24","8","0","0","","","","","","1","0","0","0","1","62","","","","","2","5"
"Easy Effort Trail Run + 10 x 10 sec Strides (30 rest between)","Run","Easy effort runs are the bread and butter of your training. They are harder than recovery runs, but easier than threshold and are intended to boost your overall aerobic endurance by increasing the volume of your training safely. You should be able to do a hard session the next day, if not - you're running these too hard. Strides are shorts sprints at 90% effort, not flat out, to improve leg turnover. Run these on a flat surface, road or grass.","1.11111111111111","","2025-12-23","","13094.4296875","305","483","1611.325","","1.46552002429962","2.48200011253357","","155","","152","170","","","0.735884510955547","88.76","20","33","39","0","0","","","","","","2","4","7","15","13","48","","","","","",""
"Easy Effort Trail Run + 10 x 10 sec Strides (30 rest between)","Run","Easy effort runs are the bread and butter of your training. They are harder than recovery runs, but easier than threshold and are intended to boost your overall aerobic endurance by increasing the volume of your training safely. You should be able to do a hard session the next day, if not - you're running these too hard. Strides are shorts sprints at 90% effort, not flat out, to improve leg turnover. Run these on a flat surface, road or grass.","1.11111111111111","","2025-12-24","","11521.580078125","363","557","1399.298","","1.07172858715057","2.98600006103516","","164","","151","164","","","0.737569348362152","64.7","12","26","31","0","0","","","","","","1","1","1","5","8","48","","","","","3","5"
"Easy Effort Trail Run","Run","Easy effort runs are the bread and butter of your training. They are harder than recovery runs, but easier than threshold and are intended to boost your overall aerobic endurance by increasing the volume of your training safely. You should be able to do a hard session the next day, if not - you're running these too hard.","1","","2025-12-26","","12026.1904296875","368","487","1347.129","","1.01697552204132","3.28500008583069","","165","","140","153","","","0.771622973826749","67.1","32","33","0","0","0","","","","","","0","0","0","0","1","60","","","","","",""
"Long Trail Run (Vert Focus)","Run","Look for long, sustained climbs with significant vertical gain where possible. (i.e. platteklip, devils peak, Newlands Ravine, nursery ravine, Constania Nek, Constantiaberg, etc.) Ideally >500m+ or as much vertical gain per kilometre as the event you are training for e.g. UTCT 55km has 49m+ per km so in a 20km long run you want to get ±980m+","3","","2025-12-27","","15010.990234375","200","974","1536.852","","2.13672137260437","1.95099997520447","","105","","147","165","","","0.713500010817277","122.81","43","33","61","0","0","","","","","","53","15","9","6","9","36","","","","","3","5"
"Easy Effort Trail Run","Run","Easy effort runs are the bread and butter of your training. They are harder than recovery runs, but easier than threshold and are intended to boost your overall aerobic endurance by increasing the volume of your training safely. You should be able to do a hard session the next day, if not - you're running these too hard.","1","","2025-12-28","","","","","","","","","","","","","","","","","","","","","","","","","","","","","","","","","","","","","","",""
"Running","Run","","","","2025-12-29","","12518.900390625","383","517","1384.706","","1.00175082683563","3.47099995613098","","166","","145","164","","","0.813464984877124","73.43","18","36","8","0","0","","","","","","1","0","0","0","3","57","","","","","",""
"Aerobic Trail","Run","","1.25","15303","2025-12-30","","13074.759765625","344","595","1556.271","","1.25668168067932","2.89000010490417","","160","","148","171","","","0.710764646609412","70.7","23","34","23","0","0","","","","","","1","1","2","11","10","49","","","","","3","5"
"Easy Effort Trail Run + 6 x 20 sec Strides (30 rest between)","Run","Easy effort runs are the bread and butter of your training. They are harder than recovery runs, but easier than threshold and are intended to boost your overall aerobic endurance by increasing the volume of your training safely. You should be able to do a hard session the next day, if not - you're running these too hard. Strides are shorts sprints at 90% effort, not flat out, to improve leg turnover. Run these on a flat surface, road or grass.","1.25","","2025-12-31","","13191.4599609375","343","564","1571.274","","1.2693305015564","2.88700008392334","","163","","142","157","","","0.668605308063393","63.26","34","40","7","0","0","","","","","","1","0","2","9","13","51","","","","","3","5"
"Walking","Walk","","","","2025-12-31","","4231.58984375","","","","","1.77414727210999","0.662999987602234","","31","","78","129","","","0.185476791714205","6.86","106","0","0","0","0","","","","","","","","","","","","","","","","0",""
"Hill Strength","Run","","1.13333333333333","13772","2026-01-01","","12220.8896484375","363","565","1483.546","","1.1339111328125","2.99399995803833","","165","","143","169","","","0.693941003874563","60.68","35","16","20","1","0","","","","","","0","0","0","7","17","44","","","","","4","5"
"Running","Run","","","","2026-01-01","","5005.2099609375","189","399","485.056","","0.712228894233704","1.95200002193451","","116","","114","135","","","0.474641350506254","17.62","43","0","0","0","0","","","","","","14","4","3","6","10","5","","","","","1",""
"TrainingPeaks Virtual - Workout: Endurance Ride (45 mins)","Bike","","0.75","","2026-01-02","","24878.76953125","168","190","457.029","","0.759722232818604","9.14997040502023","","87","","121","133","","","0.678565501165903","34.34","45","0","0","0","0","","","","","","4","42","0","0","0","0","","","","","",""
"Long Trail Run (Vert Focus)","Run","Look for long, sustained climbs with significant vertical gain where possible. (i.e. platteklip, devils peak, Newlands Ravine, nursery ravine, Constania Nek, Constantiaberg, etc.) Ideally >500m+ or as much vertical gain per kilometre as the event you are training for e.g. UTCT 55km has 49m+ per km so in a 20km long run you want to get ±980m+","1","","2026-01-03","","10340.91015625","346","537","1271.3","","1.01980471611023","2.81699991226196","","165","","145","159","","","0.688494238020256","53.56","21","37","7","0","0","","","","","","1","1","2","6","10","42","","","","","",""
"Easy Recovery Run","Run","","1.5","","2026-01-04","","14282.509765625","319","529","1724.971","","1.5009069442749","2.64299988746643","","157","","139","155","","","0.635416906325446","67.8","57","37","1","0","0","","","","","","2","2","4","15","16","52","","","","","",""
"Trail Running","Run","","","","2026-01-09","","8021.7998046875","332","565","973.055","","0.813995838165283","2.73699998855591","","159","","135","151","","","0.625639125506922","35.11","37","14","0","0","0","","","","","","0","0","2","8","8","30","","","","","",""
"Trail Running","Run","","","","2026-01-10","","10434.2001953125","335","546","1272.718","","1.05321335792542","2.75200009346008","","161","","141","160","","","0.661643219128534","51.15","31","31","4","0","0","","","","","","2","1","2","6","11","42","","","","","",""
"Trail Running","Run","","","","2026-01-11","","16225.26953125","343","511","1941.483","","1.57281672954559","2.8659999370575","","161","","152","172","","","0.737679550703634","95.89","18","38","44","0","0","","","","","","3","1","2","10","17","61","","","","","",""
"Aerobic Trail","Run","","1.25","15303","2026-01-13","","12811.5","358","570","1521.355","","1.18112778663635","3.01300001144409","","163","","152","170","","","0.742870422719219","72.51","11","32","32","1","0","","","","","","0","0","1","9","10","51","","","","","3","5"
"Easy Effort Trail Run + 6 x 20 sec Strides (30 rest between)","Run","Easy effort runs are the bread and butter of your training. They are harder than recovery runs, but easier than threshold and are intended to boost your overall aerobic endurance by increasing the volume of your training safely. You should be able to do a hard session the next day, if not - you're running these too hard. Strides are shorts sprints at 90% effort, not flat out, to improve leg turnover. Run these on a flat surface, road or grass.","1.25","","2026-01-14","","11241.6396484375","336","650","1329.426","","1.09805750846863","2.84400010108948","","160","","148","166","","","0.712435983077847","61.88","19","28","22","0","0","","","","","","1","0","2","12","10","41","","","","","6","5"
"Easy Recovery Run","Run","","1.5","","2026-01-15","","","","","","","","","","","","","","","","","","","","","","","","","","","","","","","","","","","","","","",""
"Running","Run","","","","2026-01-16","","7008.47998046875","376","453","753.941","","0.554735004901886","3.5090000629425","","164","","141","154","","","0.809164084838194","39.67","17","17","0","0","0","","","","","","1","0","0","0","0","33","","","","","3",""
"Easy Road Run","Run","","1","","2026-01-17","","13031.26953125","380","492","1409.09","","1.02511131763458","3.53099989891052","","166","","145","156","","","0.815913667443279","75.7","17","46","3","0","0","","","","","","1","0","0","0","0","60","","","","","3","5"
"Easy Road Run","Run","","1.5","","2026-01-18","","10204.08984375","376","489","1104.985","","0.815699756145477","3.47499990463257","","169","","143","153","","","0.804384070312478","58.16","15","36","0","0","0","","","","","","0","0","0","0","0","49","","","","","3",""
"Easy Road Run","Run","","1","","2026-01-19","","10780","346","398","1271.044","","1.018918633461","2.93899989128113","","158","","153","170","","","0.75838915928272","64.95","4","31","30","1","0","","","","","","1","0","0","0","1","59","","","","","4",""
"Easy Road Run","Run","","1","","2026-01-20","","10243.5703125","352","516","1154.846","","0.907162189483643","3.13700008392334","","160","","140","160","","","0.721886846456206","52.26","32","22","4","0","0","","","","","","2","0","0","0","2","50","","","","","2",""
"Easy Road Run","Run","","1","","2026-01-21","","","","","","","","","","","","","","","","","","","","","","","","","","","","","","","","","","","","","","",""
"Easy Road Run","Run","","1","","2026-01-22","","12130","320","491","1153.197","","1.00069272518158","3.36700010299683","","161","","145","161","","","0.784511023998261","68.22","18","42","5","0","0","","","","","","0","0","0","0","1","59","","","","","3",""
"Easy Road Run","Run","","1","","2026-01-23","","","","","","","","","","","","","","","","","","","","","","","","","","","","","","","","","","","","","","",""
"Trail Running","Run","","","","2026-01-26","","11012.48046875","364","564","1316.397","","1.00478994846344","3.04399991035461","","166","","155","172","","","0.764488182772495","65.04","5","23","34","1","0","","","","","","1","2","1","5","9","43","","","","","",""
"Trail Running","Run","","","","2026-01-27","","11197.91015625","359","566","1321.049","","1.02051091194153","3.04800009727478","","164","","147","163","","","0.709901172025493","56.99","20","24","21","0","0","","","","","","0","0","2","9","8","42","","","","","",""
"Trail Running","Run","","","","2026-01-28","","12120.599609375","351","586","1478.251","","1.16815388202667","2.88199996948242","","164","","148","165","","","0.715590855494352","66.53","21","29","26","0","0","","","","","","1","2","2","7","9","48","","","","","",""
"Trail Running","Run","","","","2026-01-31","","20386.919921875","343","610","2473.674","","2.00198197364807","2.8289999961853","","162","","151","170","","","0.728600107385702","119.79","28","43","55","0","0","","","","","","2","2","5","12","19","81","","","","","",""
"Running","Run","","","","2026-02-01","","12313.740234375","286","567","1628.251","","1.58161556720734","2.16300010681152","","143","","150","170","","","0.724940861104582","93.14","26","37","39","0","0","","","","","","17","1","2","15","17","43","","","","","3",""
"Running","Run","","","","2026-02-03","","10622.0302734375","311","503","1411.033","","1.25902771949768","2.34400010108948","","156","","148","174","","","0.714309488158477","71.58","27","28","20","5","0","","","","","","10","2","2","5","11","46","","","","","",""
"Trail Running","Run","","","","2026-02-04","","11245.33984375","356","539","1343.52","","1.04693138599396","2.98399996757507","","165","","144","161","","","0.690484548315856","55.34","25","30","12","0","0","","","","","","0","0","2","7","10","43","","","","","",""
"Running","Run","","","","2026-02-05","","12012.5595703125","288","591","1568.676","","1.5123507976532","2.20600008964539","","143","","149","170","","","0.718671066896663","87.44","30","29","36","1","0","","","","","","15","2","3","14","15","42","","","","","",""
"Trail Running","Run","","","","2026-02-06","","11010.7001953125","364","555","1334.132","","1.017373919487","3.00600004196167","","164","","150","170","","","0.733892438051602","60.72","13","25","27","0","0","","","","","","0","1","2","5","7","45","","","","","",""
"Running","Run","","","","2026-02-07","","24010.939453125","344","549","2891.687","","2.33560085296631","2.85599994659424","","162","","151","173","","","0.728866949481031","140.41","35","42","68","3","0","","","","","","4","2","6","17","16","96","","","","","",""
"Trail Running","Run","","","","2026-02-08","","17625.5","305","570","2229.778","","2.02989053726196","2.41199994087219","","148","","144","163","","","0.686925633221785","108.02","52","46","34","0","0","","","","","","10","6","8","16","19","62","","","","","",""
"Running","Run","","1.25","","2026-02-10","","12296.990234375","341","582","1539.573","","1.25164580345154","2.72900009155273","","163","","147","171","","","0.701222946334417","68.56","23","39","16","1","0","","","","","","6","2","3","7","8","50","","","","","",""
"Running","Run","","1.5","","2026-02-11","","12445.41015625","285","534","1674.249","","1.63162660598755","2.11899995803833","","145","","145","163","","","0.694986701127244","88.38","41","31","30","0","0","","","","","","17","2","2","16","18","43","","","","","",""
"Treadmill Running","Run","","1","","2026-02-12","","12375.6103515625","361","386","1299.489","","1.00064980983734","3.43499994277954","","164","","146","159","","","0.699940179602808","54.32","20","32","14","0","0","","","","","","0","0","0","0","0","60","","","","","3","5"
"Treadmill Running","Run","","1","","2026-02-13","","12184.1298828125","356","382","1284.598","","1.00113475322723","3.38100004196167","","162","","137","149","","","0.623191869530029","43.07","46","18","0","0","0","","","","","","0","0","0","0","0","60","","","","","2",""
"Running","Run","","2.5","","2026-02-14","","25410.109375","342","567","3093.175","","2.50886106491089","2.81299996376038","","158","","147","171","","","0.700373765289328","139.49","56","53","48","2","0","","","","","","3","3","7","19","26","93","","","","","",""
"Trail Running","Run","","2","","2026-02-15","","17763.41015625","306","577","2237.372","","2.02924084663391","2.43199992179871","","150","","143","168","","","0.680701475407523","106.03","58","42","28","0","0","","","","","","10","6","8","17","16","64","","","","","",""
"Running","Run","","1.5","","2026-02-17","","13144.9599609375","279","551","1791.065","","1.7829874753952","2.04800009727478","","141","","147","167","","","0.70670084033055","100.08","39","36","38","0","0","","","","","","22","3","2","12","22","46","","","","","",""
"Trail Running","Run","","1","","2026-02-18","","11016.3603515625","352","551","1305.537","","1.02872061729431","2.97499990463257","","167","","138","156","","","0.64436423030669","47.35","40","23","2","0","0","","","","","","0","0","2","9","8","42","","","","","",""
"Running","Run","","1.25","","2026-02-19","","14010.099609375","370","591","1683.727","","1.26430451869965","3.07800006866455","","167","","145","174","","","0.702595432230805","69.54","36","19","18","6","0","","","","","","0","0","1","12","13","50","","","","","",""
"Trail Running","Run","","1","","2026-02-20","","11015.25","347","522","1310.033","","1.04679834842682","2.92300009727478","","165","","143","163","","","0.681423411349676","53.91","28","26","11","0","0","","","","","","0","0","2","9","8","44","","","","","",""
"Running","Run","","3","","2026-02-21","","28156.189453125","315","548","3419.496","","3.01776337623596","2.59200000762939","","154","","149","170","","","1.37937223425724","572.02","52","53","87","0","0","","","","","","12","7","10","24","28","100","","","","","",""
"Trail Running","Run","","1.5","","2026-02-22","","5878.27978515625","369","527","788.743","","0.593477785587311","2.75099992752075","","166","","139","154","","","0.654566564830349","27.81","20","16","0","0","0","","","","","","0","0","0","4","4","27","","","","","",""
"Trail Running","Run","","","","2026-02-22","","10070.8095703125","338","512","1105.602","","0.908670246601105","3.0789999961853","","166","","134","150","","","0.636990038425318","40.74","38","18","0","0","0","","","","","","0","0","1","11","10","32","","","","","",""
"Walking","Walk","","","","2026-02-22","","1518.58996582031","","","","","0.512741684913635","0.823000013828278","","23","","73","91","","","0.524787094946407","15.38","31","0","0","0","0","","","","","","","","","","","","","","","","",""
"Running","Run","","1.91666666666667","","2026-02-24","","13801.51953125","275","538","1918.372","","1.93496334552765","1.98099994659424","","140","","147","166","","","0.709295205255909","109.64","43","33","45","0","0","","","","","","25","2","4","13","21","51","","","","","4",""
"Trail Running","Run","","1","","2026-02-25","","10802.51953125","342","525","1290.075","","1.0475869178772","2.86400008201599","","165","","135","155","","","0.637573343847095","47.23","43","21","1","0","0","","","","","","0","0","2","11","7","42","","","","","",""
"","Run","","1.25","","2026-02-26","","","","","","","","","","","","","","","","","","","","","","","","","","","","","","","","","","","","","","",""
"Trail Running","Run","","1","","2026-02-27","","11268.080078125","346","583","1350.6","","1.08278226852417","2.89100003242493","","164","","142","160","","","0.680210158561285","55.62","31","25","12","0","0","","","","","","2","1","2","11","9","41","","","","","",""
"Trail Running","Run","","2","","2026-02-28","","20031.400390625","340","573","2391.112","","1.95354330539703","2.84800004959106","","162","","136","159","","","0.647208987161414","92.2","73","40","9","0","0","","","","","","1","2","5","19","16","74","","","","","",""
"Trail Running","Run","","1","","2026-03-01","","10776.1796875","357","619","1317.138","","1.02291977405548","2.92600011825562","","166","","138","163","","","0.647358864184851","47.51","38","23","3","0","0","","","","","","2","0","2","8","8","41","","","","","",""
"Running","Run","","1","","2026-03-03","","10767.58984375","361","590","1315.816","","1.01320695877075","2.95199990272522","","166","","137","162","","","0.652950067655325","47.86","38","20","6","0","0","","","","","","0","1","5","9","6","39","","","","","",""
"Trail Running","Run","","1","","2026-03-04","","10745.9501953125","353","556","1287.394","","1.01089215278625","2.95300006866455","","165","","137","157","","","0.648681484520368","47.14","37","23","3","0","0","","","","","","0","1","3","7","7","42","","","","","",""
"Trail Running","Run","","0.75","","2026-03-05","","8066.7900390625","357","569","967.254","","0.751290023326874","2.98300004005432","","166","","134","157","","","0.638741987454891","33.72","31","14","1","0","0","","","","","","0","0","1","8","5","31","","","","","",""
"Running","Run","","0.5","","2026-03-06","","5793.14013671875","359","640","678.533","","0.524496674537659","3.06800007820129","","166","","133","155","","","0.634742559596079","23.04","23","10","0","0","0","","","","","","0","0","1","7","2","22","","","","","",""
"Trail Running","Run","","","","2026-03-07","","1132.43994140625","362","470","129.897","","0.0995636060833931","3.15899991989136","","165","","140","150","","","0.674796904264132","4.73","2","4","0","0","0","","","","","","0","0","0","0","0","6","","","","","",""
"Trail Running","Run","","","","2026-03-07","","44324.30078125","346","605","5356.175","","4.29772996902466","2.86500000953674","","162","","162","173","","","0.799730067297623","315.78","0","38","209","29","0","","","","","","8","6","14","25","33","171","","","","","",""
"Trail Running","Run","","","","2026-03-11","","5418.39013671875","348","571","626.293","","0.500440001487732","3.00799989700317","","167","","134","150","","","0.62900051415093","21.55","22","9","0","0","0","","","","","","0","0","0","5","4","21","","","","","",""
"Trail Running","Run","","","","2026-03-12","","7849.66015625","336","584","915.233","","0.757629990577698","2.87800002098083","","160","","142","161","","","0.675424057237148","38.02","23","17","7","0","0","","","","","","0","0","1","10","6","27","","","","","",""
"Trail Running","Run","","1","","2026-03-13","","10428.1298828125","349","531","1260.393","","1.00166416168213","2.89199995994568","","165","","143","165","","","0.687274536098822","52.42","26","24","13","0","0","","","","","","1","1","1","8","9","39","","","","","",""
"Trail Running","Run","","1","","2026-03-14","","10639.580078125","349","686","1280.466","","1.01862525939941","2.90100002288818","","158","","144","163","","","0.695512417094866","54.61","24","26","15","0","0","","","","","","2","1","2","8","9","39","","","","","",""
"Trail Running","Run","","1","","2026-03-15","","10762.98046875","350","553","1268.662","","1.00526714324951","2.97399997711182","","164","","136","157","","","0.637734906439313","45.28","42","19","2","0","0","","","","","","0","0","2","9","8","41","","","","","",""
"Trail Running","Run","","1.25","","2026-03-17","","13800.669921875","358","669","1637.344","","1.26816582679749","3.02300000190735","","166","","143","164","","","0.682986876779399","65.92","33","32","15","0","0","","","","","","0","1","2","10","11","51","","","","","",""
"Trail Running","Run","","1","","2026-03-18","","10764.41015625","347","558","1282.54","","1.02596414089203","2.91400003433228","","165","","136","156","","","0.638200411725215","46.32","41","22","1","0","0","","","","","","0","0","2","9","8","42","","","","","",""
"Trail Running","Run","","1.75","","2026-03-19","","14029.16015625","282","574","1950.903","","1.92392754554749","2.02600002288818","","141","","148","167","","","0.714764105435281","110.7","42","32","46","0","0","","","","","","25","2","2","10","22","54","","","","","",""
"Trail Running","Run","","1","","2026-03-20","","10749.1396484375","349","535","1284.22","","1.02281498908997","2.91899991035461","","166","","135","157","","","0.638126106150266","46.15","40","22","1","0","0","","","","","","0","2","3","9","6","41","","","","","",""
"Trail Running","Run","","3","","2026-03-21","","28498.25","324","575","3515.211","","3.00724363327026","2.63199996948242","","157","","141","161","","","0.65903419698197","148.76","94","79","19","0","0","","","","","","11","5","6","17","32","109","","","","","",""
"Trail Running","Run","","2","","2026-03-22","","21532.2890625","358","549","2583.511","","2.00188660621643","2.98799991607666","","166","","135","161","","","0.639944557529405","92.41","80","36","8","0","0","","","","","","1","2","3","11","15","88","","","","","",""
"Trail Running","Run","","1.25","","2026-03-24","","12331.8798828125","325","544","1567.835","","1.33771336078644","2.56100010871887","","164","","146","169","","","0.700957217201521","73.35","33","29","22","0","0","","","","","","8","5","4","10","7","47","","","","","",""
"Trail Running","Run","","1","","2026-03-25","","","","","","","","","","","","","","","","","","","","","","","","","","","","","","","","","","","","","","",""
"Trail Running","Run","","1.25","","2026-03-26","","13909.4296875","370","584","1666.616","","1.25072383880615","3.08899998664856","","167","","141","167","","","0.691138442292053","66.56","42","11","25","0","0","","","","","","0","0","4","23","3","44","","","","","",""
"Trail Running","Run","","1","","2026-03-27","","11071.3203125","349","553","1315.083","","1.04582917690277","2.94099998474121","","165","","134","154","","","0.626778767108631","45.57","47","18","0","0","0","","","","","","0","1","2","10","7","42","","","","","",""
"Trail Running","Run","","3.5","","2026-03-28","","36025.1015625","329","564","4326.528","","3.65566349029541","2.73699998855591","","158","","142","161","","","0.67296943568596","189.44","100","92","40","0","0","","","","","","2","4","12","34","43","124","","","","","",""
"Trail Running","Run","","2.5","","2026-03-29","","18462.630859375","268","545","2418.709","","2.50374555587769","2.04800009727478","","136","","138","159","","","0.650624351813643","120.13","85","65","9","0","0","","","","","","29","9","8","18","24","62","","","","","",""
"Trail Running","Run","","1.5","","2026-03-31","","17295.44921875","370","554","2027.842","","1.52027356624603","3.16000008583069","","168","","141","164","","","0.673047957771925","77.09","42","42","11","0","0","","","","","","0","0","1","9","14","66","","","","","",""
"Trail Running","Run","","1","","2026-04-01","","11535.2900390625","345","546","1359.853","","1.09551584720612","2.92499995231628","","162","","140","159","","","0.665245644600142","53.82","34","29","7","0","0","","","","","","0","0","2","11","12","40","","","","","",""
"Trail Running","Run","","2","","2026-04-02","","14030.1396484375","281","561","1947.856","","1.927579164505","2.0220000743866","","144","","153","172","","","0.739802191727588","118.8","33","30","54","8","0","","","","","","24","2","4","14","20","52","","","","","",""
"Trail Running","Run","","1","","2026-04-03","","10221.08984375","334","536","1204.555","","1.00285696983337","2.83100008964539","","163","","135","154","","","0.633789171128949","44.62","42","20","0","0","0","","","","","","0","1","3","11","9","36","","","","","",""
"Trail Running","Run","","5","","2026-04-04","","46740.05078125","320","552","5769.396","","5.00271081924438","2.59500002861023","","157","","143","164","","","0.673742412613804","261.93","131","117","67","0","0","","","","","","15","6","17","54","45","163","","","","","",""
"Trail Running","Run","","2","","2026-04-05","","21032.55078125","348","487","2411.762","","1.92404341697693","3.03699994087219","","166","","134","152","","","0.61471750221105","81.86","96","22","0","0","0","","","","","","1","2","4","7","8","94","","","","","",""
"Trail Running","Run","","1","","2026-04-07","","11048.4404296875","348","531","1313.544","","1.04876136779785","2.92600011825562","","161","","139","159","","","0.654258516622163","49.8","34","29","2","0","0","","","","","","0","1","3","6","11","42","","","","","",""
"Trail Running","Run","","2","","2026-04-08","","14881.9404296875","265","544","2092.375","","2.1920108795166","1.8860000371933","","137","","147","167","","","0.707691260312861","124.02","51","31","54","0","0","","","","","","33","2","4","13","28","52","","","","","",""
"Trail Running","Run","","1","","2026-04-09","","11011.259765625","347","517","1320.764","","1.05693662166595","2.89400005340576","","166","","138","158","","","0.680643333375416","54.32","5","50","8","0","0","","","","","","1","1","1","10","8","41","","","","","",""
"Trail Running","Run","","1","","2026-04-10","","12260.990234375","353","541","1397.382","","1.10103893280029","3.09299993515015","","163","","141","161","","","0.68822443163962","57.9","2","56","8","0","0","","","","","","1","0","1","4","7","53","","","","","",""
"Trail Running","Run","","6","","2026-04-11","","56015.73828125","310","552","6606.171","","5.91205453872681","2.63199996948242","","153","","141","161","","","0.682006154025871","318.49","10","294","51","0","0","","","","","","3","6","26","79","81","160","","","","","",""
"Trail Running","Run","","2","","2026-04-12","","13056.7197265625","342","535","1556.772","","1.26252520084381","2.87299990653992","","165","","132","154","","","0.642925511887214","58.15","16","59","0","0","0","","","","","","0","0","3","12","12","47","","","","","",""
"Walking","Walk","","","","2026-04-12","","3957.15991210938","","","","","1.77982771396637","0.617999970912933","","30","","66","109","","","0.145260758818656","4.22","107","0","0","0","0","","","","","","","","","","","","","","","","",""
"Trail Running","Run","","1","","2026-04-14","","11033.73046875","356","641","1314.782","","1.02516555786133","2.99000000953674","","166","","137","159","","","0.667198872194677","50.56","6","51","5","0","0","","","","","","1","2","2","7","7","43","","","","","",""
"Trail Running","Run","","1","","2026-04-15","","11012.7998046875","355","654","1328.69","","1.03761112689972","2.94799995422363","","167","","139","159","","","0.686423594132867","54.2","4","50","8","0","0","","","","","","0","1","3","8","9","42","","","","","",""
"Trail Running","Run","","1.75","","2026-04-16","","13412.330078125","290","559","1882.938","","1.80502414703369","2.06399989128113","","147","","146","168","","","0.729000546945546","107.86","2","65","38","3","0","","","","","","22","2","3","11","16","55","","","","","",""
"Trail Running","Run","","1","","2026-04-17","","10872.4599609375","343","628","1317.49","","1.06647408008575","2.83200001716614","","164","","136","160","","","0.668595714505389","52.91","10","47","7","0","0","","","","","","1","1","2","10","11","39","","","","","",""
"Trail Running","Run","","2","","2026-04-18","","21011.1796875","351","566","2493.102","","1.97149813175201","2.96000003814697","","166","","138","161","","","0.675975614648155","101.48","14","92","12","0","0","","","","","","0","1","5","16","15","80","","","","","",""
"Trail Running","Run","","1.25","","2026-04-19","","13199.2802734375","365","676","1569.16","","1.1924375295639","3.07500004768372","","168","","139","158","","","0.684645758144664","62.2","9","54","8","0","0","","","","","","0","1","2","12","8","48","","","","","",""
"Trail Running","Run","","1","","2026-04-21","","11006.0595703125","363","597","1311.182","","1.00386452674866","3.04500007629395","","168","","138","164","","","0.687770217973299","52.61","8","41","11","0","0","","","","","","0","0","4","13","4","39","","","","","",""
"Trail Running","Run","","1","","2026-04-22","","10504.330078125","352","581","1269.77","","1.00149583816528","2.91400003433228","","168","","138","158","","","0.678853002418621","51.14","5","49","6","0","0","","","","","","0","0","3","8","8","40","","","","","",""
"Trail Running","Run","","0.75","","2026-04-23","","7028.669921875","367","625","774.885","","0.585935533046722","3.33200001716614","","169","","133","151","","","0.791164708889466","40.08","2","33","0","0","0","","","","","","0","0","0","1","2","32","","","","","",""
"Trail Running","Run","","0.5","","2026-04-24","","5278.3701171875","320","539","580.077","","0.503632247447968","2.91100001335144","","164","","121","151","","","0.614869928097756","20.74","19","12","0","0","0","","","","","","1","0","0","1","7","21","","","","","",""
"Trail Running","Run","","","","2026-04-25","","99698.5390625","247","523","11155.082","","12.5556497573853","2.20600008964539","","139","","150","174","","","0.738327028516091","807.72","4","381","359","10","0","","","","","","73","84","160","135","105","196","","","","","",""
"Trail Running","Run","","","","2026-05-03","","10390.169921875","345","619","1246.542","","1.00221586227417","2.88000011444092","","167","","136","156","","","0.658272567590808","48.1","3","54","3","0","0","","","","","","0","0","2","10","8","39","","","","","",""
"Walking","Walk","","","","2026-05-03","","4001.34008789063","","","","","1.72538566589355","0.643999993801117","","34","","77","109","","","0.162099955407894","5.09","104","0","0","0","0","","","","","","","","","","","","","","","","",""
"Trail Running","Run","","","","2026-05-05","","11689.9404296875","335","545","1410.508","","1.17017304897308","2.77500009536743","","164","","141","159","","","0.692546832843064","62.41","0","57","13","0","0","","","","","","1","1","6","12","8","42","","","","","",""
"ROUVY - The Grand Finale | Team Visma | Lease a Bike","Bike","","","","2026-05-06","","23729.599609375","153","306","551.319","","1.00000023841858","6.59299993515015","","87","","120","150","","","0.666274490315532","43.96","36","24","0","0","0","","","","","","20","36","0","0","3","0","","","","","",""
"Trail Running","Run","","","","2026-05-07","","10809.830078125","358","561","1299.658","","1.0081399679184","2.9779999256134","","167","","144","165","","","0.720081564002884","57.9","1","42","18","0","0","","","","","","0","1","3","8","6","42","","","","","",""
"Trail Running","Run","","","","2026-05-09","","16547.970703125","359","623","1960.794","","1.51494753360748","3.03399991989136","","168","","144","163","","","0.713013387417188","86.2","2","63","26","0","0","","","","","","1","0","3","12","12","63","","","","","",""
"Indoor Cycling","Bike","","","","2026-05-11","","30017.509765625","179","229","631.345","","1.01422190666199","8.2209997177124","","87","","117","131","","","0.720994014009821","52.34","47","14","0","0","0","","","","","","15","17","28","0","0","0","","","","","",""
"Treadmill Running","Run","","","","2026-05-12","","11000","357","411","1286.105","","1.00083160400391","3.05299997329712","","164","","136","168","","","0.684994042690862","52.02","14","36","10","0","0","","","","","","0","0","0","0","1","58","","","","","",""
"Indoor Cycling","Bike","","","","2026-05-13","","29814.380859375","188","243","663.909","","1.00075674057007","8.27600002288818","","84","","129","147","","","0.780044847572715","60.47","17","44","0","0","0","","","","","","18","10","18","14","0","0","","","","","",""
"Running","Run","","","","2026-05-14","","13128.8095703125","344","567","1551.423","","1.25169551372528","2.91400003433228","","166","","147","170","","","0.740842714135865","76.53","1","43","29","2","0","","","","","","0","1","7","14","7","46","","","","","",""
"Trail Running","Run","","","","2026-05-16","","17836.5","301","608","2236.974","","2.06411552429199","2.40000009536743","","150","","144","167","","","0.715821671383637","119.31","4","76","44","0","0","","","","","","12","7","9","16","19","60","","","","","",""
"Trail Running","Run","","","","2026-05-17","","13028.75","355","553","1557.263","","1.21706926822662","2.97399997711182","","168","","137","159","","","0.668694181782817","60.56","5","59","8","0","0","","","","","","1","1","3","10","10","47","","","","","",""
